Deck URL,Deck Title,Card Quantity,Card Code
https://gumgum.gg/decklists/deck/west/op11/78130946-79c3-4654-9450-364c988a8380,OP11  Roronoa Zoro Decklist,1,OP01-001
https://gumgum.gg/decklists/deck/west/op11/78130946-79c3-4654-9450-364c988a8380,OP11  Roronoa Zoro Decklist,4,OP02-015
https://gumgum.gg/decklists/deck/west/op11/78130946-79c3-4654-9450-364c988a8380,OP11  Roronoa Zoro Decklist,4,OP01-016
https://gumgum.gg/decklists/deck/west/op11/78130946-79c3-4654-9450-364c988a8380,OP11  Roronoa Zoro Decklist,4,OP03-008
https://gumgum.gg/decklists/deck/west/op11/78130946-79c3-4654-9450-364c988a8380,OP11  Roronoa Zoro Decklist,4,EB02-003
https://gumgum.gg/decklists/deck/west/op11/78130946-79c3-4654-9450-364c988a8380,OP11  Roronoa Zoro Decklist,4,OP08-010
https://gumgum.gg/decklists/deck/west/op11/78130946-79c3-4654-9450-364c988a8380,OP11  Roronoa Zoro Decklist,4,EB01-006
https://gumgum.gg/decklists/deck/west/op11/78130946-79c3-4654-9450-364c988a8380,OP11  Roronoa Zoro Decklist,4,OP04-010
https://gumgum.gg/decklists/deck/west/op11/78130946-79c3-4654-9450-364c988a8380,OP11  Roronoa Zoro Decklist,3,OP01-025
https://gumgum.gg/decklists/deck/west/op11/78130946-79c3-4654-9450-364c988a8380,OP11  Roronoa Zoro Decklist,4,OP08-007
https://gumgum.gg/decklists/deck/west/op11/78130946-79c3-4654-9450-364c988a8380,OP11  Roronoa Zoro Decklist,3,EB01-003
https://gumgum.gg/decklists/deck/west/op11/78130946-79c3-4654-9450-364c988a8380,OP11  Roronoa Zoro Decklist,2,ST21-014
https://gumgum.gg/decklists/deck/west/op11/78130946-79c3-4654-9450-364c988a8380,OP11  Roronoa Zoro Decklist,2,OP04-016
https://gumgum.gg/decklists/deck/west/op11/78130946-79c3-4654-9450-364c988a8380,OP11  Roronoa Zoro Decklist,4,EB01-009
https://gumgum.gg/decklists/deck/west/op11/78130946-79c3-4654-9450-364c988a8380,OP11  Roronoa Zoro Decklist,1,ST01-016
https://gumgum.gg/decklists/deck/west/op11/78130946-79c3-4654-9450-364c988a8380,OP11  Roronoa Zoro Decklist,3,OP11-018
https://gumgum.gg/decklists/deck/west/op11/764a758b-bb14-4965-81cd-7cd90e9819ec,OP11  RY Belo Betty Decklist,1,OP05-002
https://gumgum.gg/decklists/deck/west/op11/764a758b-bb14-4965-81cd-7cd90e9819ec,OP11  RY Belo Betty Decklist,4,OP05-015
https://gumgum.gg/decklists/deck/west/op11/764a758b-bb14-4965-81cd-7cd90e9819ec,OP11  RY Belo Betty Decklist,2,OP06-016
https://gumgum.gg/decklists/deck/west/op11/764a758b-bb14-4965-81cd-7cd90e9819ec,OP11  RY Belo Betty Decklist,3,OP05-011
https://gumgum.gg/decklists/deck/west/op11/764a758b-bb14-4965-81cd-7cd90e9819ec,OP11  RY Belo Betty Decklist,4,OP11-106
https://gumgum.gg/decklists/deck/west/op11/764a758b-bb14-4965-81cd-7cd90e9819ec,OP11  RY Belo Betty Decklist,4,OP05-006
https://gumgum.gg/decklists/deck/west/op11/764a758b-bb14-4965-81cd-7cd90e9819ec,OP11  RY Belo Betty Decklist,4,OP05-003
https://gumgum.gg/decklists/deck/west/op11/764a758b-bb14-4965-81cd-7cd90e9819ec,OP11  RY Belo Betty Decklist,4,OP09-100
https://gumgum.gg/decklists/deck/west/op11/764a758b-bb14-4965-81cd-7cd90e9819ec,OP11  RY Belo Betty Decklist,4,OP05-004
https://gumgum.gg/decklists/deck/west/op11/764a758b-bb14-4965-81cd-7cd90e9819ec,OP11  RY Belo Betty Decklist,4,OP05-005
https://gumgum.gg/decklists/deck/west/op11/764a758b-bb14-4965-81cd-7cd90e9819ec,OP11  RY Belo Betty Decklist,4,OP05-017
https://gumgum.gg/decklists/deck/west/op11/764a758b-bb14-4965-81cd-7cd90e9819ec,OP11  RY Belo Betty Decklist,4,OP09-108
https://gumgum.gg/decklists/deck/west/op11/764a758b-bb14-4965-81cd-7cd90e9819ec,OP11  RY Belo Betty Decklist,3,OP06-003
https://gumgum.gg/decklists/deck/west/op11/764a758b-bb14-4965-81cd-7cd90e9819ec,OP11  RY Belo Betty Decklist,3,OP09-103
https://gumgum.gg/decklists/deck/west/op11/764a758b-bb14-4965-81cd-7cd90e9819ec,OP11  RY Belo Betty Decklist,3,OP05-021
https://gumgum.gg/decklists/deck/west/op11/850dbdef-9fd6-4e48-8539-8d0f864c7a9c,OP11  GP Monkey D. Luffy Decklist,1,EB02-010
https://gumgum.gg/decklists/deck/west/op11/850dbdef-9fd6-4e48-8539-8d0f864c7a9c,OP11  GP Monkey D. Luffy Decklist,4,EB02-017
https://gumgum.gg/decklists/deck/west/op11/850dbdef-9fd6-4e48-8539-8d0f864c7a9c,OP11  GP Monkey D. Luffy Decklist,3,OP07-066
https://gumgum.gg/decklists/deck/west/op11/850dbdef-9fd6-4e48-8539-8d0f864c7a9c,OP11  GP Monkey D. Luffy Decklist,4,ST18-001
https://gumgum.gg/decklists/deck/west/op11/850dbdef-9fd6-4e48-8539-8d0f864c7a9c,OP11  GP Monkey D. Luffy Decklist,3,OP05-067
https://gumgum.gg/decklists/deck/west/op11/850dbdef-9fd6-4e48-8539-8d0f864c7a9c,OP11  GP Monkey D. Luffy Decklist,3,EB02-019
https://gumgum.gg/decklists/deck/west/op11/850dbdef-9fd6-4e48-8539-8d0f864c7a9c,OP11  GP Monkey D. Luffy Decklist,4,ST18-004
https://gumgum.gg/decklists/deck/west/op11/850dbdef-9fd6-4e48-8539-8d0f864c7a9c,OP11  GP Monkey D. Luffy Decklist,2,OP05-070
https://gumgum.gg/decklists/deck/west/op11/850dbdef-9fd6-4e48-8539-8d0f864c7a9c,OP11  GP Monkey D. Luffy Decklist,4,EB02-035
https://gumgum.gg/decklists/deck/west/op11/850dbdef-9fd6-4e48-8539-8d0f864c7a9c,OP11  GP Monkey D. Luffy Decklist,4,OP07-064
https://gumgum.gg/decklists/deck/west/op11/850dbdef-9fd6-4e48-8539-8d0f864c7a9c,OP11  GP Monkey D. Luffy Decklist,3,EB02-061
https://gumgum.gg/decklists/deck/west/op11/850dbdef-9fd6-4e48-8539-8d0f864c7a9c,OP11  GP Monkey D. Luffy Decklist,2,ST18-005
https://gumgum.gg/decklists/deck/west/op11/850dbdef-9fd6-4e48-8539-8d0f864c7a9c,OP11  GP Monkey D. Luffy Decklist,4,OP05-076
https://gumgum.gg/decklists/deck/west/op11/850dbdef-9fd6-4e48-8539-8d0f864c7a9c,OP11  GP Monkey D. Luffy Decklist,4,OP09-078
https://gumgum.gg/decklists/deck/west/op11/850dbdef-9fd6-4e48-8539-8d0f864c7a9c,OP11  GP Monkey D. Luffy Decklist,2,OP08-036
https://gumgum.gg/decklists/deck/west/op11/850dbdef-9fd6-4e48-8539-8d0f864c7a9c,OP11  GP Monkey D. Luffy Decklist,4,EB02-041
https://gumgum.gg/decklists/deck/west/op11/5d08be5e-232a-4f5b-b52c-306b9616c4a4,OP11  Sanji Decklist,1,PRB01-001
https://gumgum.gg/decklists/deck/west/op11/5d08be5e-232a-4f5b-b52c-306b9616c4a4,OP11  Sanji Decklist,4,OP01-006
https://gumgum.gg/decklists/deck/west/op11/5d08be5e-232a-4f5b-b52c-306b9616c4a4,OP11  Sanji Decklist,4,ST01-007
https://gumgum.gg/decklists/deck/west/op11/5d08be5e-232a-4f5b-b52c-306b9616c4a4,OP11  Sanji Decklist,2,OP01-013
https://gumgum.gg/decklists/deck/west/op11/5d08be5e-232a-4f5b-b52c-306b9616c4a4,OP11  Sanji Decklist,2,ST21-003
https://gumgum.gg/decklists/deck/west/op11/5d08be5e-232a-4f5b-b52c-306b9616c4a4,OP11  Sanji Decklist,4,OP10-005
https://gumgum.gg/decklists/deck/west/op11/5d08be5e-232a-4f5b-b52c-306b9616c4a4,OP11  Sanji Decklist,1,OP01-017
https://gumgum.gg/decklists/deck/west/op11/5d08be5e-232a-4f5b-b52c-306b9616c4a4,OP11  Sanji Decklist,2,OP01-025
https://gumgum.gg/decklists/deck/west/op11/5d08be5e-232a-4f5b-b52c-306b9616c4a4,OP11  Sanji Decklist,2,ST01-013
https://gumgum.gg/decklists/deck/west/op11/5d08be5e-232a-4f5b-b52c-306b9616c4a4,OP11  Sanji Decklist,3,OP10-011
https://gumgum.gg/decklists/deck/west/op11/5d08be5e-232a-4f5b-b52c-306b9616c4a4,OP11  Sanji Decklist,3,EB01-003
https://gumgum.gg/decklists/deck/west/op11/5d08be5e-232a-4f5b-b52c-306b9616c4a4,OP11  Sanji Decklist,3,ST21-015
https://gumgum.gg/decklists/deck/west/op11/5d08be5e-232a-4f5b-b52c-306b9616c4a4,OP11  Sanji Decklist,3,OP04-013
https://gumgum.gg/decklists/deck/west/op11/5d08be5e-232a-4f5b-b52c-306b9616c4a4,OP11  Sanji Decklist,3,ST21-014
https://gumgum.gg/decklists/deck/west/op11/5d08be5e-232a-4f5b-b52c-306b9616c4a4,OP11  Sanji Decklist,4,OP08-014
https://gumgum.gg/decklists/deck/west/op11/5d08be5e-232a-4f5b-b52c-306b9616c4a4,OP11  Sanji Decklist,2,OP09-009
https://gumgum.gg/decklists/deck/west/op11/5d08be5e-232a-4f5b-b52c-306b9616c4a4,OP11  Sanji Decklist,1,OP08-118
https://gumgum.gg/decklists/deck/west/op11/5d08be5e-232a-4f5b-b52c-306b9616c4a4,OP11  Sanji Decklist,2,OP07-015
https://gumgum.gg/decklists/deck/west/op11/5d08be5e-232a-4f5b-b52c-306b9616c4a4,OP11  Sanji Decklist,1,OP09-118
https://gumgum.gg/decklists/deck/west/op11/5d08be5e-232a-4f5b-b52c-306b9616c4a4,OP11  Sanji Decklist,2,OP04-016
https://gumgum.gg/decklists/deck/west/op11/5d08be5e-232a-4f5b-b52c-306b9616c4a4,OP11  Sanji Decklist,2,ST21-017
https://gumgum.gg/decklists/deck/west/op11/6d90c80f-1613-4371-ae7f-e7353b6bbe5f,OP11  Shanks Decklist,1,OP09-001
https://gumgum.gg/decklists/deck/west/op11/6d90c80f-1613-4371-ae7f-e7353b6bbe5f,OP11  Shanks Decklist,4,OP01-013
https://gumgum.gg/decklists/deck/west/op11/6d90c80f-1613-4371-ae7f-e7353b6bbe5f,OP11  Shanks Decklist,4,OP10-016
https://gumgum.gg/decklists/deck/west/op11/6d90c80f-1613-4371-ae7f-e7353b6bbe5f,OP11  Shanks Decklist,2,ST21-003
https://gumgum.gg/decklists/deck/west/op11/6d90c80f-1613-4371-ae7f-e7353b6bbe5f,OP11  Shanks Decklist,4,OP09-014
https://gumgum.gg/decklists/deck/west/op11/6d90c80f-1613-4371-ae7f-e7353b6bbe5f,OP11  Shanks Decklist,3,OP10-005
https://gumgum.gg/decklists/deck/west/op11/6d90c80f-1613-4371-ae7f-e7353b6bbe5f,OP11  Shanks Decklist,3,OP10-011
https://gumgum.gg/decklists/deck/west/op11/6d90c80f-1613-4371-ae7f-e7353b6bbe5f,OP11  Shanks Decklist,4,OP09-015
https://gumgum.gg/decklists/deck/west/op11/6d90c80f-1613-4371-ae7f-e7353b6bbe5f,OP11  Shanks Decklist,4,ST21-015
https://gumgum.gg/decklists/deck/west/op11/6d90c80f-1613-4371-ae7f-e7353b6bbe5f,OP11  Shanks Decklist,2,OP09-005
https://gumgum.gg/decklists/deck/west/op11/6d90c80f-1613-4371-ae7f-e7353b6bbe5f,OP11  Shanks Decklist,4,ST21-014
https://gumgum.gg/decklists/deck/west/op11/6d90c80f-1613-4371-ae7f-e7353b6bbe5f,OP11  Shanks Decklist,4,OP09-009
https://gumgum.gg/decklists/deck/west/op11/6d90c80f-1613-4371-ae7f-e7353b6bbe5f,OP11  Shanks Decklist,4,OP07-015
https://gumgum.gg/decklists/deck/west/op11/6d90c80f-1613-4371-ae7f-e7353b6bbe5f,OP11  Shanks Decklist,2,OP09-004
https://gumgum.gg/decklists/deck/west/op11/6d90c80f-1613-4371-ae7f-e7353b6bbe5f,OP11  Shanks Decklist,3,OP09-118
https://gumgum.gg/decklists/deck/west/op11/6d90c80f-1613-4371-ae7f-e7353b6bbe5f,OP11  Shanks Decklist,3,ST21-017
https://gumgum.gg/decklists/deck/west/op11/2c29dc10-039d-4b0c-b53c-c8523f1b5fd6,OP11  UP Monkey D. Luffy Decklist,1,OP11-040
https://gumgum.gg/decklists/deck/west/op11/2c29dc10-039d-4b0c-b53c-c8523f1b5fd6,OP11  UP Monkey D. Luffy Decklist,1,P-053
https://gumgum.gg/decklists/deck/west/op11/2c29dc10-039d-4b0c-b53c-c8523f1b5fd6,OP11  UP Monkey D. Luffy Decklist,4,ST18-001
https://gumgum.gg/decklists/deck/west/op11/2c29dc10-039d-4b0c-b53c-c8523f1b5fd6,OP11  UP Monkey D. Luffy Decklist,4,OP05-067
https://gumgum.gg/decklists/deck/west/op11/2c29dc10-039d-4b0c-b53c-c8523f1b5fd6,OP11  UP Monkey D. Luffy Decklist,4,EB01-061
https://gumgum.gg/decklists/deck/west/op11/2c29dc10-039d-4b0c-b53c-c8523f1b5fd6,OP11  UP Monkey D. Luffy Decklist,1,OP06-047
https://gumgum.gg/decklists/deck/west/op11/2c29dc10-039d-4b0c-b53c-c8523f1b5fd6,OP11  UP Monkey D. Luffy Decklist,4,OP11-054
https://gumgum.gg/decklists/deck/west/op11/2c29dc10-039d-4b0c-b53c-c8523f1b5fd6,OP11  UP Monkey D. Luffy Decklist,4,OP07-064
https://gumgum.gg/decklists/deck/west/op11/2c29dc10-039d-4b0c-b53c-c8523f1b5fd6,OP11  UP Monkey D. Luffy Decklist,4,OP11-067
https://gumgum.gg/decklists/deck/west/op11/2c29dc10-039d-4b0c-b53c-c8523f1b5fd6,OP11  UP Monkey D. Luffy Decklist,1,OP11-118
https://gumgum.gg/decklists/deck/west/op11/2c29dc10-039d-4b0c-b53c-c8523f1b5fd6,OP11  UP Monkey D. Luffy Decklist,4,OP06-119
https://gumgum.gg/decklists/deck/west/op11/2c29dc10-039d-4b0c-b53c-c8523f1b5fd6,OP11  UP Monkey D. Luffy Decklist,4,OP08-069
https://gumgum.gg/decklists/deck/west/op11/2c29dc10-039d-4b0c-b53c-c8523f1b5fd6,OP11  UP Monkey D. Luffy Decklist,4,OP09-078
https://gumgum.gg/decklists/deck/west/op11/2c29dc10-039d-4b0c-b53c-c8523f1b5fd6,OP11  UP Monkey D. Luffy Decklist,4,OP11-080
https://gumgum.gg/decklists/deck/west/op11/2c29dc10-039d-4b0c-b53c-c8523f1b5fd6,OP11  UP Monkey D. Luffy Decklist,3,OP10-079
https://gumgum.gg/decklists/deck/west/op11/2c29dc10-039d-4b0c-b53c-c8523f1b5fd6,OP11  UP Monkey D. Luffy Decklist,2,OP04-056
https://gumgum.gg/decklists/deck/west/op11/2c29dc10-039d-4b0c-b53c-c8523f1b5fd6,OP11  UP Monkey D. Luffy Decklist,2,OP06-058
https://gumgum.gg/decklists/deck/west/op11/cb81c3e0-0196-489a-824b-91fdf50b0a64,OP11  Buggy Decklist,1,OP09-042
https://gumgum.gg/decklists/deck/west/op11/cb81c3e0-0196-489a-824b-91fdf50b0a64,OP11  Buggy Decklist,4,OP09-056
https://gumgum.gg/decklists/deck/west/op11/cb81c3e0-0196-489a-824b-91fdf50b0a64,OP11  Buggy Decklist,4,ST25-002
https://gumgum.gg/decklists/deck/west/op11/cb81c3e0-0196-489a-824b-91fdf50b0a64,OP11  Buggy Decklist,4,ST25-004
https://gumgum.gg/decklists/deck/west/op11/cb81c3e0-0196-489a-824b-91fdf50b0a64,OP11  Buggy Decklist,4,ST25-005
https://gumgum.gg/decklists/deck/west/op11/cb81c3e0-0196-489a-824b-91fdf50b0a64,OP11  Buggy Decklist,4,ST25-001
https://gumgum.gg/decklists/deck/west/op11/cb81c3e0-0196-489a-824b-91fdf50b0a64,OP11  Buggy Decklist,4,OP09-045
https://gumgum.gg/decklists/deck/west/op11/cb81c3e0-0196-489a-824b-91fdf50b0a64,OP11  Buggy Decklist,4,OP09-048
https://gumgum.gg/decklists/deck/west/op11/cb81c3e0-0196-489a-824b-91fdf50b0a64,OP11  Buggy Decklist,3,OP09-046
https://gumgum.gg/decklists/deck/west/op11/cb81c3e0-0196-489a-824b-91fdf50b0a64,OP11  Buggy Decklist,3,P-084
https://gumgum.gg/decklists/deck/west/op11/cb81c3e0-0196-489a-824b-91fdf50b0a64,OP11  Buggy Decklist,4,ST25-003
https://gumgum.gg/decklists/deck/west/op11/cb81c3e0-0196-489a-824b-91fdf50b0a64,OP11  Buggy Decklist,4,OP09-051
https://gumgum.gg/decklists/deck/west/op11/cb81c3e0-0196-489a-824b-91fdf50b0a64,OP11  Buggy Decklist,4,OP09-057
https://gumgum.gg/decklists/deck/west/op11/cb81c3e0-0196-489a-824b-91fdf50b0a64,OP11  Buggy Decklist,2,ST03-017
https://gumgum.gg/decklists/deck/west/op11/cb81c3e0-0196-489a-824b-91fdf50b0a64,OP11  Buggy Decklist,2,ST03-015
https://gumgum.gg/decklists/deck/west/op11/876e78c4-e3f1-4fd6-9483-0b0a02bd8a5c,OP11  GY Trafalgar Law Decklist,1,OP10-022
https://gumgum.gg/decklists/deck/west/op11/876e78c4-e3f1-4fd6-9483-0b0a02bd8a5c,OP11  GY Trafalgar Law Decklist,4,OP10-103
https://gumgum.gg/decklists/deck/west/op11/876e78c4-e3f1-4fd6-9483-0b0a02bd8a5c,OP11  GY Trafalgar Law Decklist,4,ST02-007
https://gumgum.gg/decklists/deck/west/op11/876e78c4-e3f1-4fd6-9483-0b0a02bd8a5c,OP11  GY Trafalgar Law Decklist,4,OP10-111
https://gumgum.gg/decklists/deck/west/op11/876e78c4-e3f1-4fd6-9483-0b0a02bd8a5c,OP11  GY Trafalgar Law Decklist,4,OP11-101
https://gumgum.gg/decklists/deck/west/op11/876e78c4-e3f1-4fd6-9483-0b0a02bd8a5c,OP11  GY Trafalgar Law Decklist,4,OP01-039
https://gumgum.gg/decklists/deck/west/op11/876e78c4-e3f1-4fd6-9483-0b0a02bd8a5c,OP11  GY Trafalgar Law Decklist,4,OP10-114
https://gumgum.gg/decklists/deck/west/op11/876e78c4-e3f1-4fd6-9483-0b0a02bd8a5c,OP11  GY Trafalgar Law Decklist,2,OP10-032
https://gumgum.gg/decklists/deck/west/op11/876e78c4-e3f1-4fd6-9483-0b0a02bd8a5c,OP11  GY Trafalgar Law Decklist,4,OP10-107
https://gumgum.gg/decklists/deck/west/op11/876e78c4-e3f1-4fd6-9483-0b0a02bd8a5c,OP11  GY Trafalgar Law Decklist,4,EB01-012
https://gumgum.gg/decklists/deck/west/op11/876e78c4-e3f1-4fd6-9483-0b0a02bd8a5c,OP11  GY Trafalgar Law Decklist,4,OP01-047
https://gumgum.gg/decklists/deck/west/op11/876e78c4-e3f1-4fd6-9483-0b0a02bd8a5c,OP11  GY Trafalgar Law Decklist,4,OP07-026
https://gumgum.gg/decklists/deck/west/op11/876e78c4-e3f1-4fd6-9483-0b0a02bd8a5c,OP11  GY Trafalgar Law Decklist,2,OP06-035
https://gumgum.gg/decklists/deck/west/op11/876e78c4-e3f1-4fd6-9483-0b0a02bd8a5c,OP11  GY Trafalgar Law Decklist,4,OP10-119
https://gumgum.gg/decklists/deck/west/op11/876e78c4-e3f1-4fd6-9483-0b0a02bd8a5c,OP11  GY Trafalgar Law Decklist,2,OP01-051
https://gumgum.gg/decklists/deck/west/op11/01d8fd10-9121-a1eb-2580-6017757eb250,OP11  GY Yamato Decklist,1,OP06-022
https://gumgum.gg/decklists/deck/west/op11/01d8fd10-9121-a1eb-2580-6017757eb250,OP11  GY Yamato Decklist,3,ST28-005
https://gumgum.gg/decklists/deck/west/op11/01d8fd10-9121-a1eb-2580-6017757eb250,OP11  GY Yamato Decklist,4,ST28-002
https://gumgum.gg/decklists/deck/west/op11/01d8fd10-9121-a1eb-2580-6017757eb250,OP11  GY Yamato Decklist,4,OP04-109
https://gumgum.gg/decklists/deck/west/op11/01d8fd10-9121-a1eb-2580-6017757eb250,OP11  GY Yamato Decklist,4,OP06-101
https://gumgum.gg/decklists/deck/west/op11/01d8fd10-9121-a1eb-2580-6017757eb250,OP11  GY Yamato Decklist,3,OP01-033
https://gumgum.gg/decklists/deck/west/op11/01d8fd10-9121-a1eb-2580-6017757eb250,OP11  GY Yamato Decklist,4,OP03-108
https://gumgum.gg/decklists/deck/west/op11/01d8fd10-9121-a1eb-2580-6017757eb250,OP11  GY Yamato Decklist,4,OP04-104
https://gumgum.gg/decklists/deck/west/op11/01d8fd10-9121-a1eb-2580-6017757eb250,OP11  GY Yamato Decklist,1,OP06-100
https://gumgum.gg/decklists/deck/west/op11/01d8fd10-9121-a1eb-2580-6017757eb250,OP11  GY Yamato Decklist,4,OP06-110
https://gumgum.gg/decklists/deck/west/op11/01d8fd10-9121-a1eb-2580-6017757eb250,OP11  GY Yamato Decklist,4,ST28-003
https://gumgum.gg/decklists/deck/west/op11/01d8fd10-9121-a1eb-2580-6017757eb250,OP11  GY Yamato Decklist,4,OP06-104
https://gumgum.gg/decklists/deck/west/op11/01d8fd10-9121-a1eb-2580-6017757eb250,OP11  GY Yamato Decklist,3,ST28-004
https://gumgum.gg/decklists/deck/west/op11/01d8fd10-9121-a1eb-2580-6017757eb250,OP11  GY Yamato Decklist,4,OP06-035
https://gumgum.gg/decklists/deck/west/op11/01d8fd10-9121-a1eb-2580-6017757eb250,OP11  GY Yamato Decklist,2,OP07-116
https://gumgum.gg/decklists/deck/west/op11/01d8fd10-9121-a1eb-2580-6017757eb250,OP11  GY Yamato Decklist,2,OP10-041
https://gumgum.gg/decklists/deck/west/op11/52243915-c15a-0a90-ab74-079a139f603c,OP11  Jewelry Bonney Decklist,1,OP07-019
https://gumgum.gg/decklists/deck/west/op11/52243915-c15a-0a90-ab74-079a139f603c,OP11  Jewelry Bonney Decklist,3,EB01-015
https://gumgum.gg/decklists/deck/west/op11/52243915-c15a-0a90-ab74-079a139f603c,OP11  Jewelry Bonney Decklist,4,OP05-030
https://gumgum.gg/decklists/deck/west/op11/52243915-c15a-0a90-ab74-079a139f603c,OP11  Jewelry Bonney Decklist,2,ST24-001
https://gumgum.gg/decklists/deck/west/op11/52243915-c15a-0a90-ab74-079a139f603c,OP11  Jewelry Bonney Decklist,4,ST24-002
https://gumgum.gg/decklists/deck/west/op11/52243915-c15a-0a90-ab74-079a139f603c,OP11  Jewelry Bonney Decklist,4,OP10-032
https://gumgum.gg/decklists/deck/west/op11/52243915-c15a-0a90-ab74-079a139f603c,OP11  Jewelry Bonney Decklist,4,OP07-021
https://gumgum.gg/decklists/deck/west/op11/52243915-c15a-0a90-ab74-079a139f603c,OP11  Jewelry Bonney Decklist,4,ST24-005
https://gumgum.gg/decklists/deck/west/op11/52243915-c15a-0a90-ab74-079a139f603c,OP11  Jewelry Bonney Decklist,4,EB01-012
https://gumgum.gg/decklists/deck/west/op11/52243915-c15a-0a90-ab74-079a139f603c,OP11  Jewelry Bonney Decklist,4,OP08-023
https://gumgum.gg/decklists/deck/west/op11/52243915-c15a-0a90-ab74-079a139f603c,OP11  Jewelry Bonney Decklist,3,OP11-031
https://gumgum.gg/decklists/deck/west/op11/52243915-c15a-0a90-ab74-079a139f603c,OP11  Jewelry Bonney Decklist,4,OP06-035
https://gumgum.gg/decklists/deck/west/op11/52243915-c15a-0a90-ab74-079a139f603c,OP11  Jewelry Bonney Decklist,2,OP01-051
https://gumgum.gg/decklists/deck/west/op11/52243915-c15a-0a90-ab74-079a139f603c,OP11  Jewelry Bonney Decklist,3,OP06-118
https://gumgum.gg/decklists/deck/west/op11/52243915-c15a-0a90-ab74-079a139f603c,OP11  Jewelry Bonney Decklist,2,ST24-004
https://gumgum.gg/decklists/deck/west/op11/52243915-c15a-0a90-ab74-079a139f603c,OP11  Jewelry Bonney Decklist,3,OP05-037
https://gumgum.gg/decklists/deck/west/op11/a1c1e515-115d-4878-8db5-edc769f2fde6,OP11  UP Monkey D. Luffy Decklist,1,OP11-040
https://gumgum.gg/decklists/deck/west/op11/a1c1e515-115d-4878-8db5-edc769f2fde6,OP11  UP Monkey D. Luffy Decklist,3,P-053
https://gumgum.gg/decklists/deck/west/op11/a1c1e515-115d-4878-8db5-edc769f2fde6,OP11  UP Monkey D. Luffy Decklist,4,ST18-001
https://gumgum.gg/decklists/deck/west/op11/a1c1e515-115d-4878-8db5-edc769f2fde6,OP11  UP Monkey D. Luffy Decklist,2,OP01-073
https://gumgum.gg/decklists/deck/west/op11/a1c1e515-115d-4878-8db5-edc769f2fde6,OP11  UP Monkey D. Luffy Decklist,2,OP05-067
https://gumgum.gg/decklists/deck/west/op11/a1c1e515-115d-4878-8db5-edc769f2fde6,OP11  UP Monkey D. Luffy Decklist,4,EB01-061
https://gumgum.gg/decklists/deck/west/op11/a1c1e515-115d-4878-8db5-edc769f2fde6,OP11  UP Monkey D. Luffy Decklist,2,OP06-047
https://gumgum.gg/decklists/deck/west/op11/a1c1e515-115d-4878-8db5-edc769f2fde6,OP11  UP Monkey D. Luffy Decklist,4,OP11-054
https://gumgum.gg/decklists/deck/west/op11/a1c1e515-115d-4878-8db5-edc769f2fde6,OP11  UP Monkey D. Luffy Decklist,4,OP07-064
https://gumgum.gg/decklists/deck/west/op11/a1c1e515-115d-4878-8db5-edc769f2fde6,OP11  UP Monkey D. Luffy Decklist,4,OP11-067
https://gumgum.gg/decklists/deck/west/op11/a1c1e515-115d-4878-8db5-edc769f2fde6,OP11  UP Monkey D. Luffy Decklist,1,OP01-070
https://gumgum.gg/decklists/deck/west/op11/a1c1e515-115d-4878-8db5-edc769f2fde6,OP11  UP Monkey D. Luffy Decklist,4,OP06-119
https://gumgum.gg/decklists/deck/west/op11/a1c1e515-115d-4878-8db5-edc769f2fde6,OP11  UP Monkey D. Luffy Decklist,4,OP08-069
https://gumgum.gg/decklists/deck/west/op11/a1c1e515-115d-4878-8db5-edc769f2fde6,OP11  UP Monkey D. Luffy Decklist,3,OP09-078
https://gumgum.gg/decklists/deck/west/op11/a1c1e515-115d-4878-8db5-edc769f2fde6,OP11  UP Monkey D. Luffy Decklist,4,OP11-080
https://gumgum.gg/decklists/deck/west/op11/a1c1e515-115d-4878-8db5-edc769f2fde6,OP11  UP Monkey D. Luffy Decklist,2,OP10-079
https://gumgum.gg/decklists/deck/west/op11/a1c1e515-115d-4878-8db5-edc769f2fde6,OP11  UP Monkey D. Luffy Decklist,2,OP04-056
https://gumgum.gg/decklists/deck/west/op11/a1c1e515-115d-4878-8db5-edc769f2fde6,OP11  UP Monkey D. Luffy Decklist,1,OP06-058
https://gumgum.gg/decklists/deck/west/op11/0f96b466-2894-436e-8f2c-d6d73e0f892c,OP11  PB Monkey D. Luffy Decklist,1,OP09-061
https://gumgum.gg/decklists/deck/west/op11/0f96b466-2894-436e-8f2c-d6d73e0f892c,OP11  PB Monkey D. Luffy Decklist,4,OP09-069
https://gumgum.gg/decklists/deck/west/op11/0f96b466-2894-436e-8f2c-d6d73e0f892c,OP11  PB Monkey D. Luffy Decklist,4,OP08-074
https://gumgum.gg/decklists/deck/west/op11/0f96b466-2894-436e-8f2c-d6d73e0f892c,OP11  PB Monkey D. Luffy Decklist,4,ST18-001
https://gumgum.gg/decklists/deck/west/op11/0f96b466-2894-436e-8f2c-d6d73e0f892c,OP11  PB Monkey D. Luffy Decklist,2,ST26-002
https://gumgum.gg/decklists/deck/west/op11/0f96b466-2894-436e-8f2c-d6d73e0f892c,OP11  PB Monkey D. Luffy Decklist,4,ST26-003
https://gumgum.gg/decklists/deck/west/op11/0f96b466-2894-436e-8f2c-d6d73e0f892c,OP11  PB Monkey D. Luffy Decklist,4,OP09-076
https://gumgum.gg/decklists/deck/west/op11/0f96b466-2894-436e-8f2c-d6d73e0f892c,OP11  PB Monkey D. Luffy Decklist,3,OP09-072
https://gumgum.gg/decklists/deck/west/op11/0f96b466-2894-436e-8f2c-d6d73e0f892c,OP11  PB Monkey D. Luffy Decklist,2,EB02-061
https://gumgum.gg/decklists/deck/west/op11/0f96b466-2894-436e-8f2c-d6d73e0f892c,OP11  PB Monkey D. Luffy Decklist,4,ST26-005
https://gumgum.gg/decklists/deck/west/op11/0f96b466-2894-436e-8f2c-d6d73e0f892c,OP11  PB Monkey D. Luffy Decklist,3,OP09-065
https://gumgum.gg/decklists/deck/west/op11/0f96b466-2894-436e-8f2c-d6d73e0f892c,OP11  PB Monkey D. Luffy Decklist,3,OP11-067
https://gumgum.gg/decklists/deck/west/op11/0f96b466-2894-436e-8f2c-d6d73e0f892c,OP11  PB Monkey D. Luffy Decklist,3,OP09-119
https://gumgum.gg/decklists/deck/west/op11/0f96b466-2894-436e-8f2c-d6d73e0f892c,OP11  PB Monkey D. Luffy Decklist,1,OP05-119
https://gumgum.gg/decklists/deck/west/op11/0f96b466-2894-436e-8f2c-d6d73e0f892c,OP11  PB Monkey D. Luffy Decklist,4,OP05-076
https://gumgum.gg/decklists/deck/west/op11/0f96b466-2894-436e-8f2c-d6d73e0f892c,OP11  PB Monkey D. Luffy Decklist,4,OP09-078
https://gumgum.gg/decklists/deck/west/op11/0f96b466-2894-436e-8f2c-d6d73e0f892c,OP11  PB Monkey D. Luffy Decklist,1,OP05-077
https://gumgum.gg/decklists/deck/west/op11/25492b24-5961-0a4b-22d3-8969f165edcc,OP11  GY Arlong Decklist,1,OP03-022
https://gumgum.gg/decklists/deck/west/op11/25492b24-5961-0a4b-22d3-8969f165edcc,OP11  GY Arlong Decklist,2,OP11-106
https://gumgum.gg/decklists/deck/west/op11/25492b24-5961-0a4b-22d3-8969f165edcc,OP11  GY Arlong Decklist,4,OP06-101
https://gumgum.gg/decklists/deck/west/op11/25492b24-5961-0a4b-22d3-8969f165edcc,OP11  GY Arlong Decklist,4,OP04-100
https://gumgum.gg/decklists/deck/west/op11/25492b24-5961-0a4b-22d3-8969f165edcc,OP11  GY Arlong Decklist,4,EB02-011
https://gumgum.gg/decklists/deck/west/op11/25492b24-5961-0a4b-22d3-8969f165edcc,OP11  GY Arlong Decklist,4,EB02-055
https://gumgum.gg/decklists/deck/west/op11/25492b24-5961-0a4b-22d3-8969f165edcc,OP11  GY Arlong Decklist,4,OP07-107
https://gumgum.gg/decklists/deck/west/op11/25492b24-5961-0a4b-22d3-8969f165edcc,OP11  GY Arlong Decklist,4,OP10-109
https://gumgum.gg/decklists/deck/west/op11/25492b24-5961-0a4b-22d3-8969f165edcc,OP11  GY Arlong Decklist,3,OP11-028
https://gumgum.gg/decklists/deck/west/op11/25492b24-5961-0a4b-22d3-8969f165edcc,OP11  GY Arlong Decklist,4,EB02-018
https://gumgum.gg/decklists/deck/west/op11/25492b24-5961-0a4b-22d3-8969f165edcc,OP11  GY Arlong Decklist,2,OP06-023
https://gumgum.gg/decklists/deck/west/op11/25492b24-5961-0a4b-22d3-8969f165edcc,OP11  GY Arlong Decklist,4,OP06-104
https://gumgum.gg/decklists/deck/west/op11/25492b24-5961-0a4b-22d3-8969f165edcc,OP11  GY Arlong Decklist,3,OP11-031
https://gumgum.gg/decklists/deck/west/op11/25492b24-5961-0a4b-22d3-8969f165edcc,OP11  GY Arlong Decklist,4,OP11-023
https://gumgum.gg/decklists/deck/west/op11/25492b24-5961-0a4b-22d3-8969f165edcc,OP11  GY Arlong Decklist,4,OP06-035
https://gumgum.gg/decklists/deck/west/op11/b9ed2853-118d-48d0-bd6d-530c271aff12,OP11  PB Monkey D. Luffy Decklist,1,OP09-061
https://gumgum.gg/decklists/deck/west/op11/b9ed2853-118d-48d0-bd6d-530c271aff12,OP11  PB Monkey D. Luffy Decklist,4,OP09-069
https://gumgum.gg/decklists/deck/west/op11/b9ed2853-118d-48d0-bd6d-530c271aff12,OP11  PB Monkey D. Luffy Decklist,4,OP08-074
https://gumgum.gg/decklists/deck/west/op11/b9ed2853-118d-48d0-bd6d-530c271aff12,OP11  PB Monkey D. Luffy Decklist,4,ST18-001
https://gumgum.gg/decklists/deck/west/op11/b9ed2853-118d-48d0-bd6d-530c271aff12,OP11  PB Monkey D. Luffy Decklist,2,ST26-002
https://gumgum.gg/decklists/deck/west/op11/b9ed2853-118d-48d0-bd6d-530c271aff12,OP11  PB Monkey D. Luffy Decklist,4,ST26-003
https://gumgum.gg/decklists/deck/west/op11/b9ed2853-118d-48d0-bd6d-530c271aff12,OP11  PB Monkey D. Luffy Decklist,3,OP09-076
https://gumgum.gg/decklists/deck/west/op11/b9ed2853-118d-48d0-bd6d-530c271aff12,OP11  PB Monkey D. Luffy Decklist,4,OP09-072
https://gumgum.gg/decklists/deck/west/op11/b9ed2853-118d-48d0-bd6d-530c271aff12,OP11  PB Monkey D. Luffy Decklist,2,EB02-061
https://gumgum.gg/decklists/deck/west/op11/b9ed2853-118d-48d0-bd6d-530c271aff12,OP11  PB Monkey D. Luffy Decklist,4,ST26-005
https://gumgum.gg/decklists/deck/west/op11/b9ed2853-118d-48d0-bd6d-530c271aff12,OP11  PB Monkey D. Luffy Decklist,4,OP09-065
https://gumgum.gg/decklists/deck/west/op11/b9ed2853-118d-48d0-bd6d-530c271aff12,OP11  PB Monkey D. Luffy Decklist,3,OP09-119
https://gumgum.gg/decklists/deck/west/op11/b9ed2853-118d-48d0-bd6d-530c271aff12,OP11  PB Monkey D. Luffy Decklist,1,OP05-119
https://gumgum.gg/decklists/deck/west/op11/b9ed2853-118d-48d0-bd6d-530c271aff12,OP11  PB Monkey D. Luffy Decklist,2,OP03-072
https://gumgum.gg/decklists/deck/west/op11/b9ed2853-118d-48d0-bd6d-530c271aff12,OP11  PB Monkey D. Luffy Decklist,3,OP05-076
https://gumgum.gg/decklists/deck/west/op11/b9ed2853-118d-48d0-bd6d-530c271aff12,OP11  PB Monkey D. Luffy Decklist,4,OP09-078
https://gumgum.gg/decklists/deck/west/op11/b9ed2853-118d-48d0-bd6d-530c271aff12,OP11  PB Monkey D. Luffy Decklist,2,OP09-077
https://gumgum.gg/decklists/deck/west/op11/648e742b-afce-4047-abcd-b1fc2cebd014,OP11  GP Monkey D. Luffy Decklist,1,EB02-010
https://gumgum.gg/decklists/deck/west/op11/648e742b-afce-4047-abcd-b1fc2cebd014,OP11  GP Monkey D. Luffy Decklist,4,EB02-017
https://gumgum.gg/decklists/deck/west/op11/648e742b-afce-4047-abcd-b1fc2cebd014,OP11  GP Monkey D. Luffy Decklist,3,EB02-036
https://gumgum.gg/decklists/deck/west/op11/648e742b-afce-4047-abcd-b1fc2cebd014,OP11  GP Monkey D. Luffy Decklist,4,ST18-001
https://gumgum.gg/decklists/deck/west/op11/648e742b-afce-4047-abcd-b1fc2cebd014,OP11  GP Monkey D. Luffy Decklist,3,EB02-019
https://gumgum.gg/decklists/deck/west/op11/648e742b-afce-4047-abcd-b1fc2cebd014,OP11  GP Monkey D. Luffy Decklist,4,ST18-004
https://gumgum.gg/decklists/deck/west/op11/648e742b-afce-4047-abcd-b1fc2cebd014,OP11  GP Monkey D. Luffy Decklist,4,EB02-035
https://gumgum.gg/decklists/deck/west/op11/648e742b-afce-4047-abcd-b1fc2cebd014,OP11  GP Monkey D. Luffy Decklist,4,OP07-064
https://gumgum.gg/decklists/deck/west/op11/648e742b-afce-4047-abcd-b1fc2cebd014,OP11  GP Monkey D. Luffy Decklist,3,EB02-061
https://gumgum.gg/decklists/deck/west/op11/648e742b-afce-4047-abcd-b1fc2cebd014,OP11  GP Monkey D. Luffy Decklist,2,ST18-005
https://gumgum.gg/decklists/deck/west/op11/648e742b-afce-4047-abcd-b1fc2cebd014,OP11  GP Monkey D. Luffy Decklist,2,OP03-072
https://gumgum.gg/decklists/deck/west/op11/648e742b-afce-4047-abcd-b1fc2cebd014,OP11  GP Monkey D. Luffy Decklist,4,OP05-076
https://gumgum.gg/decklists/deck/west/op11/648e742b-afce-4047-abcd-b1fc2cebd014,OP11  GP Monkey D. Luffy Decklist,4,OP09-078
https://gumgum.gg/decklists/deck/west/op11/648e742b-afce-4047-abcd-b1fc2cebd014,OP11  GP Monkey D. Luffy Decklist,2,OP08-036
https://gumgum.gg/decklists/deck/west/op11/648e742b-afce-4047-abcd-b1fc2cebd014,OP11  GP Monkey D. Luffy Decklist,3,OP10-041
https://gumgum.gg/decklists/deck/west/op11/648e742b-afce-4047-abcd-b1fc2cebd014,OP11  GP Monkey D. Luffy Decklist,4,EB02-041
https://gumgum.gg/decklists/deck/west/op11/10c8505e-4dd0-49e6-9854-74da20e30eea,OP11  Marshall.D.Teach Decklist,1,OP09-081
https://gumgum.gg/decklists/deck/west/op11/10c8505e-4dd0-49e6-9854-74da20e30eea,OP11  Marshall.D.Teach Decklist,4,OP09-089
https://gumgum.gg/decklists/deck/west/op11/10c8505e-4dd0-49e6-9854-74da20e30eea,OP11  Marshall.D.Teach Decklist,2,OP09-095
https://gumgum.gg/decklists/deck/west/op11/10c8505e-4dd0-49e6-9854-74da20e30eea,OP11  Marshall.D.Teach Decklist,2,ST27-002
https://gumgum.gg/decklists/deck/west/op11/10c8505e-4dd0-49e6-9854-74da20e30eea,OP11  Marshall.D.Teach Decklist,4,OP11-083
https://gumgum.gg/decklists/deck/west/op11/10c8505e-4dd0-49e6-9854-74da20e30eea,OP11  Marshall.D.Teach Decklist,3,OP09-090
https://gumgum.gg/decklists/deck/west/op11/10c8505e-4dd0-49e6-9854-74da20e30eea,OP11  Marshall.D.Teach Decklist,3,EB01-048
https://gumgum.gg/decklists/deck/west/op11/10c8505e-4dd0-49e6-9854-74da20e30eea,OP11  Marshall.D.Teach Decklist,3,OP09-086
https://gumgum.gg/decklists/deck/west/op11/10c8505e-4dd0-49e6-9854-74da20e30eea,OP11  Marshall.D.Teach Decklist,4,OP10-082
https://gumgum.gg/decklists/deck/west/op11/10c8505e-4dd0-49e6-9854-74da20e30eea,OP11  Marshall.D.Teach Decklist,4,OP09-083
https://gumgum.gg/decklists/deck/west/op11/10c8505e-4dd0-49e6-9854-74da20e30eea,OP11  Marshall.D.Teach Decklist,2,OP09-084
https://gumgum.gg/decklists/deck/west/op11/10c8505e-4dd0-49e6-9854-74da20e30eea,OP11  Marshall.D.Teach Decklist,1,ST27-003
https://gumgum.gg/decklists/deck/west/op11/10c8505e-4dd0-49e6-9854-74da20e30eea,OP11  Marshall.D.Teach Decklist,3,ST27-005
https://gumgum.gg/decklists/deck/west/op11/10c8505e-4dd0-49e6-9854-74da20e30eea,OP11  Marshall.D.Teach Decklist,4,OP09-093
https://gumgum.gg/decklists/deck/west/op11/10c8505e-4dd0-49e6-9854-74da20e30eea,OP11  Marshall.D.Teach Decklist,4,OP09-096
https://gumgum.gg/decklists/deck/west/op11/10c8505e-4dd0-49e6-9854-74da20e30eea,OP11  Marshall.D.Teach Decklist,2,OP09-098
https://gumgum.gg/decklists/deck/west/op11/10c8505e-4dd0-49e6-9854-74da20e30eea,OP11  Marshall.D.Teach Decklist,1,OP10-098
https://gumgum.gg/decklists/deck/west/op11/10c8505e-4dd0-49e6-9854-74da20e30eea,OP11  Marshall.D.Teach Decklist,4,OP09-099
https://gumgum.gg/decklists/deck/west/op11/47c3a654-7bf3-461f-bf19-609b4b64a453,OP11  PB Monkey D. Luffy Decklist,1,OP09-061
https://gumgum.gg/decklists/deck/west/op11/47c3a654-7bf3-461f-bf19-609b4b64a453,OP11  PB Monkey D. Luffy Decklist,4,OP09-069
https://gumgum.gg/decklists/deck/west/op11/47c3a654-7bf3-461f-bf19-609b4b64a453,OP11  PB Monkey D. Luffy Decklist,2,OP08-074
https://gumgum.gg/decklists/deck/west/op11/47c3a654-7bf3-461f-bf19-609b4b64a453,OP11  PB Monkey D. Luffy Decklist,4,ST18-001
https://gumgum.gg/decklists/deck/west/op11/47c3a654-7bf3-461f-bf19-609b4b64a453,OP11  PB Monkey D. Luffy Decklist,4,ST26-003
https://gumgum.gg/decklists/deck/west/op11/47c3a654-7bf3-461f-bf19-609b4b64a453,OP11  PB Monkey D. Luffy Decklist,4,OP09-076
https://gumgum.gg/decklists/deck/west/op11/47c3a654-7bf3-461f-bf19-609b4b64a453,OP11  PB Monkey D. Luffy Decklist,4,OP09-072
https://gumgum.gg/decklists/deck/west/op11/47c3a654-7bf3-461f-bf19-609b4b64a453,OP11  PB Monkey D. Luffy Decklist,2,OP07-064
https://gumgum.gg/decklists/deck/west/op11/47c3a654-7bf3-461f-bf19-609b4b64a453,OP11  PB Monkey D. Luffy Decklist,2,EB02-061
https://gumgum.gg/decklists/deck/west/op11/47c3a654-7bf3-461f-bf19-609b4b64a453,OP11  PB Monkey D. Luffy Decklist,2,OP09-073
https://gumgum.gg/decklists/deck/west/op11/47c3a654-7bf3-461f-bf19-609b4b64a453,OP11  PB Monkey D. Luffy Decklist,4,ST26-005
https://gumgum.gg/decklists/deck/west/op11/47c3a654-7bf3-461f-bf19-609b4b64a453,OP11  PB Monkey D. Luffy Decklist,3,OP09-065
https://gumgum.gg/decklists/deck/west/op11/47c3a654-7bf3-461f-bf19-609b4b64a453,OP11  PB Monkey D. Luffy Decklist,2,OP09-119
https://gumgum.gg/decklists/deck/west/op11/47c3a654-7bf3-461f-bf19-609b4b64a453,OP11  PB Monkey D. Luffy Decklist,2,OP03-072
https://gumgum.gg/decklists/deck/west/op11/47c3a654-7bf3-461f-bf19-609b4b64a453,OP11  PB Monkey D. Luffy Decklist,4,OP05-076
https://gumgum.gg/decklists/deck/west/op11/47c3a654-7bf3-461f-bf19-609b4b64a453,OP11  PB Monkey D. Luffy Decklist,4,OP09-078
https://gumgum.gg/decklists/deck/west/op11/47c3a654-7bf3-461f-bf19-609b4b64a453,OP11  PB Monkey D. Luffy Decklist,1,OP05-077
https://gumgum.gg/decklists/deck/west/op11/47c3a654-7bf3-461f-bf19-609b4b64a453,OP11  PB Monkey D. Luffy Decklist,2,OP09-077
https://gumgum.gg/decklists/deck/west/op11/3e2adaf0-fde2-46d7-f5c3-9e54f6381a7a,OP11  Charlotte Katakuri Decklist,1,OP11-062
https://gumgum.gg/decklists/deck/west/op11/3e2adaf0-fde2-46d7-f5c3-9e54f6381a7a,OP11  Charlotte Katakuri Decklist,4,OP11-070
https://gumgum.gg/decklists/deck/west/op11/3e2adaf0-fde2-46d7-f5c3-9e54f6381a7a,OP11  Charlotte Katakuri Decklist,3,OP11-065
https://gumgum.gg/decklists/deck/west/op11/3e2adaf0-fde2-46d7-f5c3-9e54f6381a7a,OP11  Charlotte Katakuri Decklist,4,OP08-062
https://gumgum.gg/decklists/deck/west/op11/3e2adaf0-fde2-46d7-f5c3-9e54f6381a7a,OP11  Charlotte Katakuri Decklist,4,OP11-074
https://gumgum.gg/decklists/deck/west/op11/3e2adaf0-fde2-46d7-f5c3-9e54f6381a7a,OP11  Charlotte Katakuri Decklist,4,ST18-001
https://gumgum.gg/decklists/deck/west/op11/3e2adaf0-fde2-46d7-f5c3-9e54f6381a7a,OP11  Charlotte Katakuri Decklist,4,OP08-067
https://gumgum.gg/decklists/deck/west/op11/3e2adaf0-fde2-46d7-f5c3-9e54f6381a7a,OP11  Charlotte Katakuri Decklist,1,OP11-078
https://gumgum.gg/decklists/deck/west/op11/3e2adaf0-fde2-46d7-f5c3-9e54f6381a7a,OP11  Charlotte Katakuri Decklist,2,ST04-005
https://gumgum.gg/decklists/deck/west/op11/3e2adaf0-fde2-46d7-f5c3-9e54f6381a7a,OP11  Charlotte Katakuri Decklist,4,OP11-071
https://gumgum.gg/decklists/deck/west/op11/3e2adaf0-fde2-46d7-f5c3-9e54f6381a7a,OP11  Charlotte Katakuri Decklist,3,OP09-065
https://gumgum.gg/decklists/deck/west/op11/3e2adaf0-fde2-46d7-f5c3-9e54f6381a7a,OP11  Charlotte Katakuri Decklist,4,OP11-067
https://gumgum.gg/decklists/deck/west/op11/3e2adaf0-fde2-46d7-f5c3-9e54f6381a7a,OP11  Charlotte Katakuri Decklist,4,OP11-073
https://gumgum.gg/decklists/deck/west/op11/3e2adaf0-fde2-46d7-f5c3-9e54f6381a7a,OP11  Charlotte Katakuri Decklist,4,OP07-077
https://gumgum.gg/decklists/deck/west/op11/3e2adaf0-fde2-46d7-f5c3-9e54f6381a7a,OP11  Charlotte Katakuri Decklist,3,OP08-076
https://gumgum.gg/decklists/deck/west/op11/3e2adaf0-fde2-46d7-f5c3-9e54f6381a7a,OP11  Charlotte Katakuri Decklist,2,OP08-077
https://gumgum.gg/decklists/deck/west/op11/ccb45518-be4a-daa1-b884-d78e758ef313,OP11  GY Yamato Decklist,1,OP06-022
https://gumgum.gg/decklists/deck/west/op11/ccb45518-be4a-daa1-b884-d78e758ef313,OP11  GY Yamato Decklist,3,OP01-041
https://gumgum.gg/decklists/deck/west/op11/ccb45518-be4a-daa1-b884-d78e758ef313,OP11  GY Yamato Decklist,4,ST28-005
https://gumgum.gg/decklists/deck/west/op11/ccb45518-be4a-daa1-b884-d78e758ef313,OP11  GY Yamato Decklist,4,OP06-106
https://gumgum.gg/decklists/deck/west/op11/ccb45518-be4a-daa1-b884-d78e758ef313,OP11  GY Yamato Decklist,4,ST28-002
https://gumgum.gg/decklists/deck/west/op11/ccb45518-be4a-daa1-b884-d78e758ef313,OP11  GY Yamato Decklist,4,OP01-033
https://gumgum.gg/decklists/deck/west/op11/ccb45518-be4a-daa1-b884-d78e758ef313,OP11  GY Yamato Decklist,2,ST28-001
https://gumgum.gg/decklists/deck/west/op11/ccb45518-be4a-daa1-b884-d78e758ef313,OP11  GY Yamato Decklist,2,OP06-112
https://gumgum.gg/decklists/deck/west/op11/ccb45518-be4a-daa1-b884-d78e758ef313,OP11  GY Yamato Decklist,4,OP06-110
https://gumgum.gg/decklists/deck/west/op11/ccb45518-be4a-daa1-b884-d78e758ef313,OP11  GY Yamato Decklist,4,ST28-003
https://gumgum.gg/decklists/deck/west/op11/ccb45518-be4a-daa1-b884-d78e758ef313,OP11  GY Yamato Decklist,4,OP06-104
https://gumgum.gg/decklists/deck/west/op11/ccb45518-be4a-daa1-b884-d78e758ef313,OP11  GY Yamato Decklist,4,OP06-107
https://gumgum.gg/decklists/deck/west/op11/ccb45518-be4a-daa1-b884-d78e758ef313,OP11  GY Yamato Decklist,4,ST28-004
https://gumgum.gg/decklists/deck/west/op11/ccb45518-be4a-daa1-b884-d78e758ef313,OP11  GY Yamato Decklist,3,OP06-035
https://gumgum.gg/decklists/deck/west/op11/ccb45518-be4a-daa1-b884-d78e758ef313,OP11  GY Yamato Decklist,4,OP06-115
https://gumgum.gg/decklists/deck/west/op11/be0c59ce-86b8-c873-bf7d-61f6bbcc1380,OP11  Buggy Decklist,1,OP09-042
https://gumgum.gg/decklists/deck/west/op11/be0c59ce-86b8-c873-bf7d-61f6bbcc1380,OP11  Buggy Decklist,4,OP09-056
https://gumgum.gg/decklists/deck/west/op11/be0c59ce-86b8-c873-bf7d-61f6bbcc1380,OP11  Buggy Decklist,4,ST25-002
https://gumgum.gg/decklists/deck/west/op11/be0c59ce-86b8-c873-bf7d-61f6bbcc1380,OP11  Buggy Decklist,3,ST25-004
https://gumgum.gg/decklists/deck/west/op11/be0c59ce-86b8-c873-bf7d-61f6bbcc1380,OP11  Buggy Decklist,4,ST25-005
https://gumgum.gg/decklists/deck/west/op11/be0c59ce-86b8-c873-bf7d-61f6bbcc1380,OP11  Buggy Decklist,2,OP06-047
https://gumgum.gg/decklists/deck/west/op11/be0c59ce-86b8-c873-bf7d-61f6bbcc1380,OP11  Buggy Decklist,4,ST25-001
https://gumgum.gg/decklists/deck/west/op11/be0c59ce-86b8-c873-bf7d-61f6bbcc1380,OP11  Buggy Decklist,2,OP09-045
https://gumgum.gg/decklists/deck/west/op11/be0c59ce-86b8-c873-bf7d-61f6bbcc1380,OP11  Buggy Decklist,4,OP09-048
https://gumgum.gg/decklists/deck/west/op11/be0c59ce-86b8-c873-bf7d-61f6bbcc1380,OP11  Buggy Decklist,3,OP09-046
https://gumgum.gg/decklists/deck/west/op11/be0c59ce-86b8-c873-bf7d-61f6bbcc1380,OP11  Buggy Decklist,3,P-084
https://gumgum.gg/decklists/deck/west/op11/be0c59ce-86b8-c873-bf7d-61f6bbcc1380,OP11  Buggy Decklist,4,ST25-003
https://gumgum.gg/decklists/deck/west/op11/be0c59ce-86b8-c873-bf7d-61f6bbcc1380,OP11  Buggy Decklist,4,OP09-051
https://gumgum.gg/decklists/deck/west/op11/be0c59ce-86b8-c873-bf7d-61f6bbcc1380,OP11  Buggy Decklist,2,OP02-066
https://gumgum.gg/decklists/deck/west/op11/be0c59ce-86b8-c873-bf7d-61f6bbcc1380,OP11  Buggy Decklist,3,OP09-057
https://gumgum.gg/decklists/deck/west/op11/be0c59ce-86b8-c873-bf7d-61f6bbcc1380,OP11  Buggy Decklist,4,OP03-056
https://gumgum.gg/decklists/deck/west/op11/8a9a8db7-da88-4574-a1bb-10fff348f204,OP11  Buggy Decklist,1,OP09-042
https://gumgum.gg/decklists/deck/west/op11/8a9a8db7-da88-4574-a1bb-10fff348f204,OP11  Buggy Decklist,4,OP09-056
https://gumgum.gg/decklists/deck/west/op11/8a9a8db7-da88-4574-a1bb-10fff348f204,OP11  Buggy Decklist,4,ST25-002
https://gumgum.gg/decklists/deck/west/op11/8a9a8db7-da88-4574-a1bb-10fff348f204,OP11  Buggy Decklist,3,ST25-004
https://gumgum.gg/decklists/deck/west/op11/8a9a8db7-da88-4574-a1bb-10fff348f204,OP11  Buggy Decklist,4,ST25-005
https://gumgum.gg/decklists/deck/west/op11/8a9a8db7-da88-4574-a1bb-10fff348f204,OP11  Buggy Decklist,2,OP06-047
https://gumgum.gg/decklists/deck/west/op11/8a9a8db7-da88-4574-a1bb-10fff348f204,OP11  Buggy Decklist,4,ST25-001
https://gumgum.gg/decklists/deck/west/op11/8a9a8db7-da88-4574-a1bb-10fff348f204,OP11  Buggy Decklist,4,OP09-045
https://gumgum.gg/decklists/deck/west/op11/8a9a8db7-da88-4574-a1bb-10fff348f204,OP11  Buggy Decklist,4,OP09-048
https://gumgum.gg/decklists/deck/west/op11/8a9a8db7-da88-4574-a1bb-10fff348f204,OP11  Buggy Decklist,4,OP09-046
https://gumgum.gg/decklists/deck/west/op11/8a9a8db7-da88-4574-a1bb-10fff348f204,OP11  Buggy Decklist,3,P-084
https://gumgum.gg/decklists/deck/west/op11/8a9a8db7-da88-4574-a1bb-10fff348f204,OP11  Buggy Decklist,4,ST25-003
https://gumgum.gg/decklists/deck/west/op11/8a9a8db7-da88-4574-a1bb-10fff348f204,OP11  Buggy Decklist,4,OP09-051
https://gumgum.gg/decklists/deck/west/op11/8a9a8db7-da88-4574-a1bb-10fff348f204,OP11  Buggy Decklist,4,OP03-056
https://gumgum.gg/decklists/deck/west/op11/8a9a8db7-da88-4574-a1bb-10fff348f204,OP11  Buggy Decklist,2,OP06-058
https://gumgum.gg/decklists/deck/west/op11/feb0be69-ae36-4964-b290-461993c068c8,OP11  Buggy Decklist,1,OP09-042
https://gumgum.gg/decklists/deck/west/op11/feb0be69-ae36-4964-b290-461993c068c8,OP11  Buggy Decklist,2,OP03-044
https://gumgum.gg/decklists/deck/west/op11/feb0be69-ae36-4964-b290-461993c068c8,OP11  Buggy Decklist,4,OP09-056
https://gumgum.gg/decklists/deck/west/op11/feb0be69-ae36-4964-b290-461993c068c8,OP11  Buggy Decklist,4,ST25-002
https://gumgum.gg/decklists/deck/west/op11/feb0be69-ae36-4964-b290-461993c068c8,OP11  Buggy Decklist,4,ST25-005
https://gumgum.gg/decklists/deck/west/op11/feb0be69-ae36-4964-b290-461993c068c8,OP11  Buggy Decklist,2,OP06-047
https://gumgum.gg/decklists/deck/west/op11/feb0be69-ae36-4964-b290-461993c068c8,OP11  Buggy Decklist,4,ST25-001
https://gumgum.gg/decklists/deck/west/op11/feb0be69-ae36-4964-b290-461993c068c8,OP11  Buggy Decklist,2,OP06-051
https://gumgum.gg/decklists/deck/west/op11/feb0be69-ae36-4964-b290-461993c068c8,OP11  Buggy Decklist,4,OP09-048
https://gumgum.gg/decklists/deck/west/op11/feb0be69-ae36-4964-b290-461993c068c8,OP11  Buggy Decklist,4,P-084
https://gumgum.gg/decklists/deck/west/op11/feb0be69-ae36-4964-b290-461993c068c8,OP11  Buggy Decklist,3,ST25-003
https://gumgum.gg/decklists/deck/west/op11/feb0be69-ae36-4964-b290-461993c068c8,OP11  Buggy Decklist,4,OP09-051
https://gumgum.gg/decklists/deck/west/op11/feb0be69-ae36-4964-b290-461993c068c8,OP11  Buggy Decklist,4,OP09-057
https://gumgum.gg/decklists/deck/west/op11/feb0be69-ae36-4964-b290-461993c068c8,OP11  Buggy Decklist,4,OP03-056
https://gumgum.gg/decklists/deck/west/op11/feb0be69-ae36-4964-b290-461993c068c8,OP11  Buggy Decklist,2,OP03-057
https://gumgum.gg/decklists/deck/west/op11/feb0be69-ae36-4964-b290-461993c068c8,OP11  Buggy Decklist,3,OP09-060
https://gumgum.gg/decklists/deck/west/op11/e0f6dba3-06c7-4a56-5d2f-9899d4e6dd81,OP11  Roronoa Zoro Decklist,1,OP01-001
https://gumgum.gg/decklists/deck/west/op11/e0f6dba3-06c7-4a56-5d2f-9899d4e6dd81,OP11  Roronoa Zoro Decklist,3,OP02-015
https://gumgum.gg/decklists/deck/west/op11/e0f6dba3-06c7-4a56-5d2f-9899d4e6dd81,OP11  Roronoa Zoro Decklist,3,OP01-016
https://gumgum.gg/decklists/deck/west/op11/e0f6dba3-06c7-4a56-5d2f-9899d4e6dd81,OP11  Roronoa Zoro Decklist,3,OP08-015
https://gumgum.gg/decklists/deck/west/op11/e0f6dba3-06c7-4a56-5d2f-9899d4e6dd81,OP11  Roronoa Zoro Decklist,4,OP04-009
https://gumgum.gg/decklists/deck/west/op11/e0f6dba3-06c7-4a56-5d2f-9899d4e6dd81,OP11  Roronoa Zoro Decklist,2,ST21-003
https://gumgum.gg/decklists/deck/west/op11/e0f6dba3-06c7-4a56-5d2f-9899d4e6dd81,OP11  Roronoa Zoro Decklist,3,EB02-003
https://gumgum.gg/decklists/deck/west/op11/e0f6dba3-06c7-4a56-5d2f-9899d4e6dd81,OP11  Roronoa Zoro Decklist,4,OP08-010
https://gumgum.gg/decklists/deck/west/op11/e0f6dba3-06c7-4a56-5d2f-9899d4e6dd81,OP11  Roronoa Zoro Decklist,4,EB01-006
https://gumgum.gg/decklists/deck/west/op11/e0f6dba3-06c7-4a56-5d2f-9899d4e6dd81,OP11  Roronoa Zoro Decklist,4,OP04-010
https://gumgum.gg/decklists/deck/west/op11/e0f6dba3-06c7-4a56-5d2f-9899d4e6dd81,OP11  Roronoa Zoro Decklist,3,OP08-013
https://gumgum.gg/decklists/deck/west/op11/e0f6dba3-06c7-4a56-5d2f-9899d4e6dd81,OP11  Roronoa Zoro Decklist,3,OP01-025
https://gumgum.gg/decklists/deck/west/op11/e0f6dba3-06c7-4a56-5d2f-9899d4e6dd81,OP11  Roronoa Zoro Decklist,4,OP08-007
https://gumgum.gg/decklists/deck/west/op11/e0f6dba3-06c7-4a56-5d2f-9899d4e6dd81,OP11  Roronoa Zoro Decklist,3,ST21-014
https://gumgum.gg/decklists/deck/west/op11/e0f6dba3-06c7-4a56-5d2f-9899d4e6dd81,OP11  Roronoa Zoro Decklist,4,EB01-009
https://gumgum.gg/decklists/deck/west/op11/e0f6dba3-06c7-4a56-5d2f-9899d4e6dd81,OP11  Roronoa Zoro Decklist,1,ST01-016
https://gumgum.gg/decklists/deck/west/op11/e0f6dba3-06c7-4a56-5d2f-9899d4e6dd81,OP11  Roronoa Zoro Decklist,2,ST21-017
https://gumgum.gg/decklists/deck/west/op11/554dcb84-e2ed-454f-88de-84a6b82cfbb3,OP11  UP Monkey D. Luffy Decklist,1,OP11-040
https://gumgum.gg/decklists/deck/west/op11/554dcb84-e2ed-454f-88de-84a6b82cfbb3,OP11  UP Monkey D. Luffy Decklist,4,ST18-001
https://gumgum.gg/decklists/deck/west/op11/554dcb84-e2ed-454f-88de-84a6b82cfbb3,OP11  UP Monkey D. Luffy Decklist,4,OP05-067
https://gumgum.gg/decklists/deck/west/op11/554dcb84-e2ed-454f-88de-84a6b82cfbb3,OP11  UP Monkey D. Luffy Decklist,4,EB01-061
https://gumgum.gg/decklists/deck/west/op11/554dcb84-e2ed-454f-88de-84a6b82cfbb3,OP11  UP Monkey D. Luffy Decklist,1,OP06-047
https://gumgum.gg/decklists/deck/west/op11/554dcb84-e2ed-454f-88de-84a6b82cfbb3,OP11  UP Monkey D. Luffy Decklist,2,OP05-070
https://gumgum.gg/decklists/deck/west/op11/554dcb84-e2ed-454f-88de-84a6b82cfbb3,OP11  UP Monkey D. Luffy Decklist,3,OP11-054
https://gumgum.gg/decklists/deck/west/op11/554dcb84-e2ed-454f-88de-84a6b82cfbb3,OP11  UP Monkey D. Luffy Decklist,2,OP07-064
https://gumgum.gg/decklists/deck/west/op11/554dcb84-e2ed-454f-88de-84a6b82cfbb3,OP11  UP Monkey D. Luffy Decklist,3,OP11-067
https://gumgum.gg/decklists/deck/west/op11/554dcb84-e2ed-454f-88de-84a6b82cfbb3,OP11  UP Monkey D. Luffy Decklist,1,OP11-118
https://gumgum.gg/decklists/deck/west/op11/554dcb84-e2ed-454f-88de-84a6b82cfbb3,OP11  UP Monkey D. Luffy Decklist,1,OP01-070
https://gumgum.gg/decklists/deck/west/op11/554dcb84-e2ed-454f-88de-84a6b82cfbb3,OP11  UP Monkey D. Luffy Decklist,4,OP06-119
https://gumgum.gg/decklists/deck/west/op11/554dcb84-e2ed-454f-88de-84a6b82cfbb3,OP11  UP Monkey D. Luffy Decklist,4,OP08-069
https://gumgum.gg/decklists/deck/west/op11/554dcb84-e2ed-454f-88de-84a6b82cfbb3,OP11  UP Monkey D. Luffy Decklist,2,OP09-119
https://gumgum.gg/decklists/deck/west/op11/554dcb84-e2ed-454f-88de-84a6b82cfbb3,OP11  UP Monkey D. Luffy Decklist,4,OP09-078
https://gumgum.gg/decklists/deck/west/op11/554dcb84-e2ed-454f-88de-84a6b82cfbb3,OP11  UP Monkey D. Luffy Decklist,4,OP11-080
https://gumgum.gg/decklists/deck/west/op11/554dcb84-e2ed-454f-88de-84a6b82cfbb3,OP11  UP Monkey D. Luffy Decklist,3,OP10-079
https://gumgum.gg/decklists/deck/west/op11/554dcb84-e2ed-454f-88de-84a6b82cfbb3,OP11  UP Monkey D. Luffy Decklist,2,OP04-056
https://gumgum.gg/decklists/deck/west/op11/554dcb84-e2ed-454f-88de-84a6b82cfbb3,OP11  UP Monkey D. Luffy Decklist,2,OP06-058
https://gumgum.gg/decklists/deck/west/op11/3326221d-4df1-4491-a76b-4441eba57651,OP11  UP Vinsmoke Reiju Decklist,1,OP06-042
https://gumgum.gg/decklists/deck/west/op11/3326221d-4df1-4491-a76b-4441eba57651,OP11  UP Vinsmoke Reiju Decklist,2,OP06-063
https://gumgum.gg/decklists/deck/west/op11/3326221d-4df1-4491-a76b-4441eba57651,OP11  UP Vinsmoke Reiju Decklist,4,OP10-063
https://gumgum.gg/decklists/deck/west/op11/3326221d-4df1-4491-a76b-4441eba57651,OP11  UP Vinsmoke Reiju Decklist,4,OP07-066
https://gumgum.gg/decklists/deck/west/op11/3326221d-4df1-4491-a76b-4441eba57651,OP11  UP Vinsmoke Reiju Decklist,4,OP06-068
https://gumgum.gg/decklists/deck/west/op11/3326221d-4df1-4491-a76b-4441eba57651,OP11  UP Vinsmoke Reiju Decklist,4,OP08-074
https://gumgum.gg/decklists/deck/west/op11/3326221d-4df1-4491-a76b-4441eba57651,OP11  UP Vinsmoke Reiju Decklist,2,OP06-064
https://gumgum.gg/decklists/deck/west/op11/3326221d-4df1-4491-a76b-4441eba57651,OP11  UP Vinsmoke Reiju Decklist,4,OP07-072
https://gumgum.gg/decklists/deck/west/op11/3326221d-4df1-4491-a76b-4441eba57651,OP11  UP Vinsmoke Reiju Decklist,1,OP06-047
https://gumgum.gg/decklists/deck/west/op11/3326221d-4df1-4491-a76b-4441eba57651,OP11  UP Vinsmoke Reiju Decklist,4,OP06-060
https://gumgum.gg/decklists/deck/west/op11/3326221d-4df1-4491-a76b-4441eba57651,OP11  UP Vinsmoke Reiju Decklist,4,OP06-069
https://gumgum.gg/decklists/deck/west/op11/3326221d-4df1-4491-a76b-4441eba57651,OP11  UP Vinsmoke Reiju Decklist,4,OP11-047
https://gumgum.gg/decklists/deck/west/op11/3326221d-4df1-4491-a76b-4441eba57651,OP11  UP Vinsmoke Reiju Decklist,2,OP06-065
https://gumgum.gg/decklists/deck/west/op11/3326221d-4df1-4491-a76b-4441eba57651,OP11  UP Vinsmoke Reiju Decklist,1,OP11-045
https://gumgum.gg/decklists/deck/west/op11/3326221d-4df1-4491-a76b-4441eba57651,OP11  UP Vinsmoke Reiju Decklist,4,OP06-061
https://gumgum.gg/decklists/deck/west/op11/3326221d-4df1-4491-a76b-4441eba57651,OP11  UP Vinsmoke Reiju Decklist,1,OP06-062
https://gumgum.gg/decklists/deck/west/op11/3326221d-4df1-4491-a76b-4441eba57651,OP11  UP Vinsmoke Reiju Decklist,1,OP06-078
https://gumgum.gg/decklists/deck/west/op11/3326221d-4df1-4491-a76b-4441eba57651,OP11  UP Vinsmoke Reiju Decklist,4,OP06-079
https://gumgum.gg/decklists/deck/west/op11/ce4ae660-af07-d142-ae74-b1d5e8c10924,OP11  Monkey D. Luffy Decklist,1,OP05-060
https://gumgum.gg/decklists/deck/west/op11/ce4ae660-af07-d142-ae74-b1d5e8c10924,OP11  Monkey D. Luffy Decklist,4,OP09-069
https://gumgum.gg/decklists/deck/west/op11/ce4ae660-af07-d142-ae74-b1d5e8c10924,OP11  Monkey D. Luffy Decklist,4,ST18-001
https://gumgum.gg/decklists/deck/west/op11/ce4ae660-af07-d142-ae74-b1d5e8c10924,OP11  Monkey D. Luffy Decklist,4,OP05-067
https://gumgum.gg/decklists/deck/west/op11/ce4ae660-af07-d142-ae74-b1d5e8c10924,OP11  Monkey D. Luffy Decklist,4,EB01-061
https://gumgum.gg/decklists/deck/west/op11/ce4ae660-af07-d142-ae74-b1d5e8c10924,OP11  Monkey D. Luffy Decklist,2,ST18-002
https://gumgum.gg/decklists/deck/west/op11/ce4ae660-af07-d142-ae74-b1d5e8c10924,OP11  Monkey D. Luffy Decklist,4,ST18-004
https://gumgum.gg/decklists/deck/west/op11/ce4ae660-af07-d142-ae74-b1d5e8c10924,OP11  Monkey D. Luffy Decklist,4,OP05-070
https://gumgum.gg/decklists/deck/west/op11/ce4ae660-af07-d142-ae74-b1d5e8c10924,OP11  Monkey D. Luffy Decklist,4,OP07-064
https://gumgum.gg/decklists/deck/west/op11/ce4ae660-af07-d142-ae74-b1d5e8c10924,OP11  Monkey D. Luffy Decklist,3,OP09-065
https://gumgum.gg/decklists/deck/west/op11/ce4ae660-af07-d142-ae74-b1d5e8c10924,OP11  Monkey D. Luffy Decklist,2,ST18-005
https://gumgum.gg/decklists/deck/west/op11/ce4ae660-af07-d142-ae74-b1d5e8c10924,OP11  Monkey D. Luffy Decklist,4,OP11-067
https://gumgum.gg/decklists/deck/west/op11/ce4ae660-af07-d142-ae74-b1d5e8c10924,OP11  Monkey D. Luffy Decklist,2,OP08-069
https://gumgum.gg/decklists/deck/west/op11/ce4ae660-af07-d142-ae74-b1d5e8c10924,OP11  Monkey D. Luffy Decklist,4,OP09-119
https://gumgum.gg/decklists/deck/west/op11/ce4ae660-af07-d142-ae74-b1d5e8c10924,OP11  Monkey D. Luffy Decklist,1,OP03-072
https://gumgum.gg/decklists/deck/west/op11/ce4ae660-af07-d142-ae74-b1d5e8c10924,OP11  Monkey D. Luffy Decklist,4,OP09-078
https://gumgum.gg/decklists/deck/west/op11/6f5ab61c-681c-4a0c-a8fd-dedb716b71c5,OP11  Rob Lucci Decklist,1,OP07-079
https://gumgum.gg/decklists/deck/west/op11/6f5ab61c-681c-4a0c-a8fd-dedb716b71c5,OP11  Rob Lucci Decklist,4,OP02-106
https://gumgum.gg/decklists/deck/west/op11/6f5ab61c-681c-4a0c-a8fd-dedb716b71c5,OP11  Rob Lucci Decklist,2,OP05-088
https://gumgum.gg/decklists/deck/west/op11/6f5ab61c-681c-4a0c-a8fd-dedb716b71c5,OP11  Rob Lucci Decklist,4,OP05-081
https://gumgum.gg/decklists/deck/west/op11/6f5ab61c-681c-4a0c-a8fd-dedb716b71c5,OP11  Rob Lucci Decklist,2,OP04-089
https://gumgum.gg/decklists/deck/west/op11/6f5ab61c-681c-4a0c-a8fd-dedb716b71c5,OP11  Rob Lucci Decklist,4,EB01-046
https://gumgum.gg/decklists/deck/west/op11/6f5ab61c-681c-4a0c-a8fd-dedb716b71c5,OP11  Rob Lucci Decklist,1,OP02-098
https://gumgum.gg/decklists/deck/west/op11/6f5ab61c-681c-4a0c-a8fd-dedb716b71c5,OP11  Rob Lucci Decklist,2,ST06-006
https://gumgum.gg/decklists/deck/west/op11/6f5ab61c-681c-4a0c-a8fd-dedb716b71c5,OP11  Rob Lucci Decklist,3,ST06-008
https://gumgum.gg/decklists/deck/west/op11/6f5ab61c-681c-4a0c-a8fd-dedb716b71c5,OP11  Rob Lucci Decklist,4,OP05-091
https://gumgum.gg/decklists/deck/west/op11/6f5ab61c-681c-4a0c-a8fd-dedb716b71c5,OP11  Rob Lucci Decklist,3,EB01-048
https://gumgum.gg/decklists/deck/west/op11/6f5ab61c-681c-4a0c-a8fd-dedb716b71c5,OP11  Rob Lucci Decklist,4,OP02-096
https://gumgum.gg/decklists/deck/west/op11/6f5ab61c-681c-4a0c-a8fd-dedb716b71c5,OP11  Rob Lucci Decklist,4,OP05-093
https://gumgum.gg/decklists/deck/west/op11/6f5ab61c-681c-4a0c-a8fd-dedb716b71c5,OP11  Rob Lucci Decklist,1,OP04-083
https://gumgum.gg/decklists/deck/west/op11/6f5ab61c-681c-4a0c-a8fd-dedb716b71c5,OP11  Rob Lucci Decklist,1,ST19-003
https://gumgum.gg/decklists/deck/west/op11/6f5ab61c-681c-4a0c-a8fd-dedb716b71c5,OP11  Rob Lucci Decklist,4,OP08-084
https://gumgum.gg/decklists/deck/west/op11/6f5ab61c-681c-4a0c-a8fd-dedb716b71c5,OP11  Rob Lucci Decklist,3,OP02-121
https://gumgum.gg/decklists/deck/west/op11/6f5ab61c-681c-4a0c-a8fd-dedb716b71c5,OP11  Rob Lucci Decklist,4,OP07-096
https://gumgum.gg/decklists/deck/west/op11/3d41fb57-0c22-4a6f-8d90-d10c27056f01,OP11  UP Monkey D. Luffy Decklist,1,OP11-040
https://gumgum.gg/decklists/deck/west/op11/3d41fb57-0c22-4a6f-8d90-d10c27056f01,OP11  UP Monkey D. Luffy Decklist,1,P-053
https://gumgum.gg/decklists/deck/west/op11/3d41fb57-0c22-4a6f-8d90-d10c27056f01,OP11  UP Monkey D. Luffy Decklist,4,ST18-001
https://gumgum.gg/decklists/deck/west/op11/3d41fb57-0c22-4a6f-8d90-d10c27056f01,OP11  UP Monkey D. Luffy Decklist,3,OP05-067
https://gumgum.gg/decklists/deck/west/op11/3d41fb57-0c22-4a6f-8d90-d10c27056f01,OP11  UP Monkey D. Luffy Decklist,4,EB01-061
https://gumgum.gg/decklists/deck/west/op11/3d41fb57-0c22-4a6f-8d90-d10c27056f01,OP11  UP Monkey D. Luffy Decklist,1,OP05-073
https://gumgum.gg/decklists/deck/west/op11/3d41fb57-0c22-4a6f-8d90-d10c27056f01,OP11  UP Monkey D. Luffy Decklist,1,OP06-047
https://gumgum.gg/decklists/deck/west/op11/3d41fb57-0c22-4a6f-8d90-d10c27056f01,OP11  UP Monkey D. Luffy Decklist,2,OP05-070
https://gumgum.gg/decklists/deck/west/op11/3d41fb57-0c22-4a6f-8d90-d10c27056f01,OP11  UP Monkey D. Luffy Decklist,3,OP11-054
https://gumgum.gg/decklists/deck/west/op11/3d41fb57-0c22-4a6f-8d90-d10c27056f01,OP11  UP Monkey D. Luffy Decklist,2,OP07-064
https://gumgum.gg/decklists/deck/west/op11/3d41fb57-0c22-4a6f-8d90-d10c27056f01,OP11  UP Monkey D. Luffy Decklist,1,EB02-061
https://gumgum.gg/decklists/deck/west/op11/3d41fb57-0c22-4a6f-8d90-d10c27056f01,OP11  UP Monkey D. Luffy Decklist,3,OP11-067
https://gumgum.gg/decklists/deck/west/op11/3d41fb57-0c22-4a6f-8d90-d10c27056f01,OP11  UP Monkey D. Luffy Decklist,1,OP11-118
https://gumgum.gg/decklists/deck/west/op11/3d41fb57-0c22-4a6f-8d90-d10c27056f01,OP11  UP Monkey D. Luffy Decklist,4,OP06-119
https://gumgum.gg/decklists/deck/west/op11/3d41fb57-0c22-4a6f-8d90-d10c27056f01,OP11  UP Monkey D. Luffy Decklist,4,OP08-069
https://gumgum.gg/decklists/deck/west/op11/3d41fb57-0c22-4a6f-8d90-d10c27056f01,OP11  UP Monkey D. Luffy Decklist,2,OP09-119
https://gumgum.gg/decklists/deck/west/op11/3d41fb57-0c22-4a6f-8d90-d10c27056f01,OP11  UP Monkey D. Luffy Decklist,4,OP09-078
https://gumgum.gg/decklists/deck/west/op11/3d41fb57-0c22-4a6f-8d90-d10c27056f01,OP11  UP Monkey D. Luffy Decklist,4,OP11-080
https://gumgum.gg/decklists/deck/west/op11/3d41fb57-0c22-4a6f-8d90-d10c27056f01,OP11  UP Monkey D. Luffy Decklist,1,OP01-119
https://gumgum.gg/decklists/deck/west/op11/3d41fb57-0c22-4a6f-8d90-d10c27056f01,OP11  UP Monkey D. Luffy Decklist,2,OP10-079
https://gumgum.gg/decklists/deck/west/op11/3d41fb57-0c22-4a6f-8d90-d10c27056f01,OP11  UP Monkey D. Luffy Decklist,2,OP04-056
https://gumgum.gg/decklists/deck/west/op11/3d41fb57-0c22-4a6f-8d90-d10c27056f01,OP11  UP Monkey D. Luffy Decklist,1,OP06-058
https://gumgum.gg/decklists/deck/west/op11/b9fc6832-3737-43ab-8237-084e4d7668a7,OP11  Jewelry Bonney Decklist,1,OP07-019
https://gumgum.gg/decklists/deck/west/op11/b9fc6832-3737-43ab-8237-084e4d7668a7,OP11  Jewelry Bonney Decklist,4,EB01-015
https://gumgum.gg/decklists/deck/west/op11/b9fc6832-3737-43ab-8237-084e4d7668a7,OP11  Jewelry Bonney Decklist,4,ST02-007
https://gumgum.gg/decklists/deck/west/op11/b9fc6832-3737-43ab-8237-084e4d7668a7,OP11  Jewelry Bonney Decklist,4,OP05-030
https://gumgum.gg/decklists/deck/west/op11/b9fc6832-3737-43ab-8237-084e4d7668a7,OP11  Jewelry Bonney Decklist,3,OP01-039
https://gumgum.gg/decklists/deck/west/op11/b9fc6832-3737-43ab-8237-084e4d7668a7,OP11  Jewelry Bonney Decklist,4,OP10-032
https://gumgum.gg/decklists/deck/west/op11/b9fc6832-3737-43ab-8237-084e4d7668a7,OP11  Jewelry Bonney Decklist,4,ST24-003
https://gumgum.gg/decklists/deck/west/op11/b9fc6832-3737-43ab-8237-084e4d7668a7,OP11  Jewelry Bonney Decklist,3,OP07-021
https://gumgum.gg/decklists/deck/west/op11/b9fc6832-3737-43ab-8237-084e4d7668a7,OP11  Jewelry Bonney Decklist,4,EB01-012
https://gumgum.gg/decklists/deck/west/op11/b9fc6832-3737-43ab-8237-084e4d7668a7,OP11  Jewelry Bonney Decklist,4,OP08-023
https://gumgum.gg/decklists/deck/west/op11/b9fc6832-3737-43ab-8237-084e4d7668a7,OP11  Jewelry Bonney Decklist,3,OP10-030
https://gumgum.gg/decklists/deck/west/op11/b9fc6832-3737-43ab-8237-084e4d7668a7,OP11  Jewelry Bonney Decklist,4,OP06-035
https://gumgum.gg/decklists/deck/west/op11/b9fc6832-3737-43ab-8237-084e4d7668a7,OP11  Jewelry Bonney Decklist,3,OP01-051
https://gumgum.gg/decklists/deck/west/op11/b9fc6832-3737-43ab-8237-084e4d7668a7,OP11  Jewelry Bonney Decklist,4,ST16-004
https://gumgum.gg/decklists/deck/west/op11/b9fc6832-3737-43ab-8237-084e4d7668a7,OP11  Jewelry Bonney Decklist,2,OP05-037
https://gumgum.gg/decklists/deck/west/op11/6194f5ab-97a5-465f-85d0-c568618d8148,OP11  Marshall.D.Teach Decklist,1,OP09-081
https://gumgum.gg/decklists/deck/west/op11/6194f5ab-97a5-465f-85d0-c568618d8148,OP11  Marshall.D.Teach Decklist,4,OP09-089
https://gumgum.gg/decklists/deck/west/op11/6194f5ab-97a5-465f-85d0-c568618d8148,OP11  Marshall.D.Teach Decklist,2,OP09-095
https://gumgum.gg/decklists/deck/west/op11/6194f5ab-97a5-465f-85d0-c568618d8148,OP11  Marshall.D.Teach Decklist,3,ST27-002
https://gumgum.gg/decklists/deck/west/op11/6194f5ab-97a5-465f-85d0-c568618d8148,OP11  Marshall.D.Teach Decklist,4,OP09-090
https://gumgum.gg/decklists/deck/west/op11/6194f5ab-97a5-465f-85d0-c568618d8148,OP11  Marshall.D.Teach Decklist,2,OP09-091
https://gumgum.gg/decklists/deck/west/op11/6194f5ab-97a5-465f-85d0-c568618d8148,OP11  Marshall.D.Teach Decklist,4,OP09-086
https://gumgum.gg/decklists/deck/west/op11/6194f5ab-97a5-465f-85d0-c568618d8148,OP11  Marshall.D.Teach Decklist,4,OP10-082
https://gumgum.gg/decklists/deck/west/op11/6194f5ab-97a5-465f-85d0-c568618d8148,OP11  Marshall.D.Teach Decklist,4,OP09-083
https://gumgum.gg/decklists/deck/west/op11/6194f5ab-97a5-465f-85d0-c568618d8148,OP11  Marshall.D.Teach Decklist,4,ST27-003
https://gumgum.gg/decklists/deck/west/op11/6194f5ab-97a5-465f-85d0-c568618d8148,OP11  Marshall.D.Teach Decklist,3,ST27-005
https://gumgum.gg/decklists/deck/west/op11/6194f5ab-97a5-465f-85d0-c568618d8148,OP11  Marshall.D.Teach Decklist,4,OP09-093
https://gumgum.gg/decklists/deck/west/op11/6194f5ab-97a5-465f-85d0-c568618d8148,OP11  Marshall.D.Teach Decklist,4,OP09-096
https://gumgum.gg/decklists/deck/west/op11/6194f5ab-97a5-465f-85d0-c568618d8148,OP11  Marshall.D.Teach Decklist,4,OP09-098
https://gumgum.gg/decklists/deck/west/op11/6194f5ab-97a5-465f-85d0-c568618d8148,OP11  Marshall.D.Teach Decklist,4,OP09-099
https://gumgum.gg/decklists/deck/west/op11/a59d8ae7-1412-4602-864a-f67c9dce1fde,OP11  Enel Decklist,1,OP05-098
https://gumgum.gg/decklists/deck/west/op11/a59d8ae7-1412-4602-864a-f67c9dce1fde,OP11  Enel Decklist,4,OP05-106
https://gumgum.gg/decklists/deck/west/op11/a59d8ae7-1412-4602-864a-f67c9dce1fde,OP11  Enel Decklist,4,OP04-100
https://gumgum.gg/decklists/deck/west/op11/a59d8ae7-1412-4602-864a-f67c9dce1fde,OP11  Enel Decklist,4,OP05-110
https://gumgum.gg/decklists/deck/west/op11/a59d8ae7-1412-4602-864a-f67c9dce1fde,OP11  Enel Decklist,4,OP05-101
https://gumgum.gg/decklists/deck/west/op11/a59d8ae7-1412-4602-864a-f67c9dce1fde,OP11  Enel Decklist,4,OP07-107
https://gumgum.gg/decklists/deck/west/op11/a59d8ae7-1412-4602-864a-f67c9dce1fde,OP11  Enel Decklist,1,OP10-109
https://gumgum.gg/decklists/deck/west/op11/a59d8ae7-1412-4602-864a-f67c9dce1fde,OP11  Enel Decklist,3,OP03-116
https://gumgum.gg/decklists/deck/west/op11/a59d8ae7-1412-4602-864a-f67c9dce1fde,OP11  Enel Decklist,4,OP05-105
https://gumgum.gg/decklists/deck/west/op11/a59d8ae7-1412-4602-864a-f67c9dce1fde,OP11  Enel Decklist,4,OP05-100
https://gumgum.gg/decklists/deck/west/op11/a59d8ae7-1412-4602-864a-f67c9dce1fde,OP11  Enel Decklist,4,OP03-123
https://gumgum.gg/decklists/deck/west/op11/a59d8ae7-1412-4602-864a-f67c9dce1fde,OP11  Enel Decklist,3,OP04-112
https://gumgum.gg/decklists/deck/west/op11/a59d8ae7-1412-4602-864a-f67c9dce1fde,OP11  Enel Decklist,2,OP07-119
https://gumgum.gg/decklists/deck/west/op11/a59d8ae7-1412-4602-864a-f67c9dce1fde,OP11  Enel Decklist,2,EB02-052
https://gumgum.gg/decklists/deck/west/op11/a59d8ae7-1412-4602-864a-f67c9dce1fde,OP11  Enel Decklist,4,OP06-115
https://gumgum.gg/decklists/deck/west/op11/a59d8ae7-1412-4602-864a-f67c9dce1fde,OP11  Enel Decklist,1,OP05-115
https://gumgum.gg/decklists/deck/west/op11/a59d8ae7-1412-4602-864a-f67c9dce1fde,OP11  Enel Decklist,2,EB01-060
https://gumgum.gg/decklists/deck/west/op11/d1273ba2-1147-4ef1-b323-802cbac01992,OP11  GY Trafalgar Law Decklist,1,OP10-022
https://gumgum.gg/decklists/deck/west/op11/d1273ba2-1147-4ef1-b323-802cbac01992,OP11  GY Trafalgar Law Decklist,4,OP10-103
https://gumgum.gg/decklists/deck/west/op11/d1273ba2-1147-4ef1-b323-802cbac01992,OP11  GY Trafalgar Law Decklist,2,EB01-015
https://gumgum.gg/decklists/deck/west/op11/d1273ba2-1147-4ef1-b323-802cbac01992,OP11  GY Trafalgar Law Decklist,4,ST02-007
https://gumgum.gg/decklists/deck/west/op11/d1273ba2-1147-4ef1-b323-802cbac01992,OP11  GY Trafalgar Law Decklist,4,OP10-111
https://gumgum.gg/decklists/deck/west/op11/d1273ba2-1147-4ef1-b323-802cbac01992,OP11  GY Trafalgar Law Decklist,4,OP11-101
https://gumgum.gg/decklists/deck/west/op11/d1273ba2-1147-4ef1-b323-802cbac01992,OP11  GY Trafalgar Law Decklist,4,OP01-039
https://gumgum.gg/decklists/deck/west/op11/d1273ba2-1147-4ef1-b323-802cbac01992,OP11  GY Trafalgar Law Decklist,3,OP11-106
https://gumgum.gg/decklists/deck/west/op11/d1273ba2-1147-4ef1-b323-802cbac01992,OP11  GY Trafalgar Law Decklist,4,OP10-107
https://gumgum.gg/decklists/deck/west/op11/d1273ba2-1147-4ef1-b323-802cbac01992,OP11  GY Trafalgar Law Decklist,4,EB01-012
https://gumgum.gg/decklists/deck/west/op11/d1273ba2-1147-4ef1-b323-802cbac01992,OP11  GY Trafalgar Law Decklist,4,OP01-047
https://gumgum.gg/decklists/deck/west/op11/d1273ba2-1147-4ef1-b323-802cbac01992,OP11  GY Trafalgar Law Decklist,4,OP07-026
https://gumgum.gg/decklists/deck/west/op11/d1273ba2-1147-4ef1-b323-802cbac01992,OP11  GY Trafalgar Law Decklist,4,OP06-035
https://gumgum.gg/decklists/deck/west/op11/d1273ba2-1147-4ef1-b323-802cbac01992,OP11  GY Trafalgar Law Decklist,4,OP10-119
https://gumgum.gg/decklists/deck/west/op11/d1273ba2-1147-4ef1-b323-802cbac01992,OP11  GY Trafalgar Law Decklist,1,OP01-051
https://gumgum.gg/decklists/deck/west/op11/47ffaa53-bf99-497a-99da-9e7925c61b4f,OP11  RB Koby Decklist,1,OP11-001
https://gumgum.gg/decklists/deck/west/op11/47ffaa53-bf99-497a-99da-9e7925c61b4f,OP11  RB Koby Decklist,4,OP11-004
https://gumgum.gg/decklists/deck/west/op11/47ffaa53-bf99-497a-99da-9e7925c61b4f,OP11  RB Koby Decklist,4,OP11-096
https://gumgum.gg/decklists/deck/west/op11/47ffaa53-bf99-497a-99da-9e7925c61b4f,OP11  RB Koby Decklist,3,ST19-002
https://gumgum.gg/decklists/deck/west/op11/47ffaa53-bf99-497a-99da-9e7925c61b4f,OP11  RB Koby Decklist,4,OP11-013
https://gumgum.gg/decklists/deck/west/op11/47ffaa53-bf99-497a-99da-9e7925c61b4f,OP11  RB Koby Decklist,4,OP11-082
https://gumgum.gg/decklists/deck/west/op11/47ffaa53-bf99-497a-99da-9e7925c61b4f,OP11  RB Koby Decklist,4,OP03-089
https://gumgum.gg/decklists/deck/west/op11/47ffaa53-bf99-497a-99da-9e7925c61b4f,OP11  RB Koby Decklist,2,ST06-006
https://gumgum.gg/decklists/deck/west/op11/47ffaa53-bf99-497a-99da-9e7925c61b4f,OP11  RB Koby Decklist,3,OP11-008
https://gumgum.gg/decklists/deck/west/op11/47ffaa53-bf99-497a-99da-9e7925c61b4f,OP11  RB Koby Decklist,2,OP02-114
https://gumgum.gg/decklists/deck/west/op11/47ffaa53-bf99-497a-99da-9e7925c61b4f,OP11  RB Koby Decklist,4,OP11-084
https://gumgum.gg/decklists/deck/west/op11/47ffaa53-bf99-497a-99da-9e7925c61b4f,OP11  RB Koby Decklist,2,ST19-004
https://gumgum.gg/decklists/deck/west/op11/47ffaa53-bf99-497a-99da-9e7925c61b4f,OP11  RB Koby Decklist,4,OP11-010
https://gumgum.gg/decklists/deck/west/op11/47ffaa53-bf99-497a-99da-9e7925c61b4f,OP11  RB Koby Decklist,3,OP11-092
https://gumgum.gg/decklists/deck/west/op11/47ffaa53-bf99-497a-99da-9e7925c61b4f,OP11  RB Koby Decklist,2,EB02-044
https://gumgum.gg/decklists/deck/west/op11/47ffaa53-bf99-497a-99da-9e7925c61b4f,OP11  RB Koby Decklist,3,OP11-119
https://gumgum.gg/decklists/deck/west/op11/47ffaa53-bf99-497a-99da-9e7925c61b4f,OP11  RB Koby Decklist,2,OP11-018
https://gumgum.gg/decklists/deck/west/op11/4b4ca118-fbd8-43c4-a733-8b0e62e01fb4,OP11  UY Nami Decklist,1,OP11-041
https://gumgum.gg/decklists/deck/west/op11/4b4ca118-fbd8-43c4-a733-8b0e62e01fb4,OP11  UY Nami Decklist,3,ST03-008
https://gumgum.gg/decklists/deck/west/op11/4b4ca118-fbd8-43c4-a733-8b0e62e01fb4,OP11  UY Nami Decklist,4,OP03-048
https://gumgum.gg/decklists/deck/west/op11/4b4ca118-fbd8-43c4-a733-8b0e62e01fb4,OP11  UY Nami Decklist,4,OP06-106
https://gumgum.gg/decklists/deck/west/op11/4b4ca118-fbd8-43c4-a733-8b0e62e01fb4,OP11  UY Nami Decklist,4,OP11-106
https://gumgum.gg/decklists/deck/west/op11/4b4ca118-fbd8-43c4-a733-8b0e62e01fb4,OP11  UY Nami Decklist,2,OP06-101
https://gumgum.gg/decklists/deck/west/op11/4b4ca118-fbd8-43c4-a733-8b0e62e01fb4,OP11  UY Nami Decklist,3,OP06-047
https://gumgum.gg/decklists/deck/west/op11/4b4ca118-fbd8-43c4-a733-8b0e62e01fb4,OP11  UY Nami Decklist,3,OP06-100
https://gumgum.gg/decklists/deck/west/op11/4b4ca118-fbd8-43c4-a733-8b0e62e01fb4,OP11  UY Nami Decklist,4,OP06-110
https://gumgum.gg/decklists/deck/west/op11/4b4ca118-fbd8-43c4-a733-8b0e62e01fb4,OP11  UY Nami Decklist,4,OP06-104
https://gumgum.gg/decklists/deck/west/op11/4b4ca118-fbd8-43c4-a733-8b0e62e01fb4,OP11  UY Nami Decklist,1,OP06-109
https://gumgum.gg/decklists/deck/west/op11/4b4ca118-fbd8-43c4-a733-8b0e62e01fb4,OP11  UY Nami Decklist,1,OP11-054
https://gumgum.gg/decklists/deck/west/op11/4b4ca118-fbd8-43c4-a733-8b0e62e01fb4,OP11  UY Nami Decklist,4,OP08-047
https://gumgum.gg/decklists/deck/west/op11/4b4ca118-fbd8-43c4-a733-8b0e62e01fb4,OP11  UY Nami Decklist,1,OP07-051
https://gumgum.gg/decklists/deck/west/op11/4b4ca118-fbd8-43c4-a733-8b0e62e01fb4,OP11  UY Nami Decklist,2,OP11-118
https://gumgum.gg/decklists/deck/west/op11/4b4ca118-fbd8-43c4-a733-8b0e62e01fb4,OP11  UY Nami Decklist,4,OP10-112
https://gumgum.gg/decklists/deck/west/op11/4b4ca118-fbd8-43c4-a733-8b0e62e01fb4,OP11  UY Nami Decklist,4,OP07-056
https://gumgum.gg/decklists/deck/west/op11/4b4ca118-fbd8-43c4-a733-8b0e62e01fb4,OP11  UY Nami Decklist,2,OP04-056
https://gumgum.gg/decklists/deck/west/op11/c1ba63a8-fd57-41ab-92df-8eeac81afc35,OP11  GY Trafalgar Law Decklist,1,OP10-022
https://gumgum.gg/decklists/deck/west/op11/c1ba63a8-fd57-41ab-92df-8eeac81afc35,OP11  GY Trafalgar Law Decklist,4,OP10-103
https://gumgum.gg/decklists/deck/west/op11/c1ba63a8-fd57-41ab-92df-8eeac81afc35,OP11  GY Trafalgar Law Decklist,4,OP10-111
https://gumgum.gg/decklists/deck/west/op11/c1ba63a8-fd57-41ab-92df-8eeac81afc35,OP11  GY Trafalgar Law Decklist,4,OP11-101
https://gumgum.gg/decklists/deck/west/op11/c1ba63a8-fd57-41ab-92df-8eeac81afc35,OP11  GY Trafalgar Law Decklist,4,OP01-039
https://gumgum.gg/decklists/deck/west/op11/c1ba63a8-fd57-41ab-92df-8eeac81afc35,OP11  GY Trafalgar Law Decklist,4,OP11-106
https://gumgum.gg/decklists/deck/west/op11/c1ba63a8-fd57-41ab-92df-8eeac81afc35,OP11  GY Trafalgar Law Decklist,2,OP10-114
https://gumgum.gg/decklists/deck/west/op11/c1ba63a8-fd57-41ab-92df-8eeac81afc35,OP11  GY Trafalgar Law Decklist,4,OP10-107
https://gumgum.gg/decklists/deck/west/op11/c1ba63a8-fd57-41ab-92df-8eeac81afc35,OP11  GY Trafalgar Law Decklist,4,EB01-012
https://gumgum.gg/decklists/deck/west/op11/c1ba63a8-fd57-41ab-92df-8eeac81afc35,OP11  GY Trafalgar Law Decklist,4,OP01-047
https://gumgum.gg/decklists/deck/west/op11/c1ba63a8-fd57-41ab-92df-8eeac81afc35,OP11  GY Trafalgar Law Decklist,4,OP07-026
https://gumgum.gg/decklists/deck/west/op11/c1ba63a8-fd57-41ab-92df-8eeac81afc35,OP11  GY Trafalgar Law Decklist,2,ST02-009
https://gumgum.gg/decklists/deck/west/op11/c1ba63a8-fd57-41ab-92df-8eeac81afc35,OP11  GY Trafalgar Law Decklist,3,OP06-035
https://gumgum.gg/decklists/deck/west/op11/c1ba63a8-fd57-41ab-92df-8eeac81afc35,OP11  GY Trafalgar Law Decklist,4,OP10-119
https://gumgum.gg/decklists/deck/west/op11/c1ba63a8-fd57-41ab-92df-8eeac81afc35,OP11  GY Trafalgar Law Decklist,1,OP01-051
https://gumgum.gg/decklists/deck/west/op11/c1ba63a8-fd57-41ab-92df-8eeac81afc35,OP11  GY Trafalgar Law Decklist,2,OP10-117
https://gumgum.gg/decklists/deck/west/op11/07ec04b0-8485-473b-b79c-f20e66ad976f,OP11  Shanks Decklist,1,OP09-001
https://gumgum.gg/decklists/deck/west/op11/07ec04b0-8485-473b-b79c-f20e66ad976f,OP11  Shanks Decklist,4,OP01-006
https://gumgum.gg/decklists/deck/west/op11/07ec04b0-8485-473b-b79c-f20e66ad976f,OP11  Shanks Decklist,4,OP01-016
https://gumgum.gg/decklists/deck/west/op11/07ec04b0-8485-473b-b79c-f20e66ad976f,OP11  Shanks Decklist,3,OP01-013
https://gumgum.gg/decklists/deck/west/op11/07ec04b0-8485-473b-b79c-f20e66ad976f,OP11  Shanks Decklist,4,OP09-011
https://gumgum.gg/decklists/deck/west/op11/07ec04b0-8485-473b-b79c-f20e66ad976f,OP11  Shanks Decklist,4,OP10-005
https://gumgum.gg/decklists/deck/west/op11/07ec04b0-8485-473b-b79c-f20e66ad976f,OP11  Shanks Decklist,4,OP01-025
https://gumgum.gg/decklists/deck/west/op11/07ec04b0-8485-473b-b79c-f20e66ad976f,OP11  Shanks Decklist,4,OP10-011
https://gumgum.gg/decklists/deck/west/op11/07ec04b0-8485-473b-b79c-f20e66ad976f,OP11  Shanks Decklist,4,ST21-015
https://gumgum.gg/decklists/deck/west/op11/07ec04b0-8485-473b-b79c-f20e66ad976f,OP11  Shanks Decklist,3,ST01-012
https://gumgum.gg/decklists/deck/west/op11/07ec04b0-8485-473b-b79c-f20e66ad976f,OP11  Shanks Decklist,4,ST21-014
https://gumgum.gg/decklists/deck/west/op11/07ec04b0-8485-473b-b79c-f20e66ad976f,OP11  Shanks Decklist,4,OP09-009
https://gumgum.gg/decklists/deck/west/op11/07ec04b0-8485-473b-b79c-f20e66ad976f,OP11  Shanks Decklist,3,OP08-118
https://gumgum.gg/decklists/deck/west/op11/07ec04b0-8485-473b-b79c-f20e66ad976f,OP11  Shanks Decklist,3,OP07-015
https://gumgum.gg/decklists/deck/west/op11/07ec04b0-8485-473b-b79c-f20e66ad976f,OP11  Shanks Decklist,1,OP04-016
https://gumgum.gg/decklists/deck/west/op11/07ec04b0-8485-473b-b79c-f20e66ad976f,OP11  Shanks Decklist,1,ST21-017
https://gumgum.gg/decklists/deck/west/op11/e5ce18c8-d725-4143-91a2-8e7d8647e0b3,OP11  Buggy Decklist,1,OP09-042
https://gumgum.gg/decklists/deck/west/op11/e5ce18c8-d725-4143-91a2-8e7d8647e0b3,OP11  Buggy Decklist,4,OP09-056
https://gumgum.gg/decklists/deck/west/op11/e5ce18c8-d725-4143-91a2-8e7d8647e0b3,OP11  Buggy Decklist,4,ST25-002
https://gumgum.gg/decklists/deck/west/op11/e5ce18c8-d725-4143-91a2-8e7d8647e0b3,OP11  Buggy Decklist,2,ST25-004
https://gumgum.gg/decklists/deck/west/op11/e5ce18c8-d725-4143-91a2-8e7d8647e0b3,OP11  Buggy Decklist,4,ST25-005
https://gumgum.gg/decklists/deck/west/op11/e5ce18c8-d725-4143-91a2-8e7d8647e0b3,OP11  Buggy Decklist,4,ST25-001
https://gumgum.gg/decklists/deck/west/op11/e5ce18c8-d725-4143-91a2-8e7d8647e0b3,OP11  Buggy Decklist,4,OP09-045
https://gumgum.gg/decklists/deck/west/op11/e5ce18c8-d725-4143-91a2-8e7d8647e0b3,OP11  Buggy Decklist,4,EB01-027
https://gumgum.gg/decklists/deck/west/op11/e5ce18c8-d725-4143-91a2-8e7d8647e0b3,OP11  Buggy Decklist,4,OP09-048
https://gumgum.gg/decklists/deck/west/op11/e5ce18c8-d725-4143-91a2-8e7d8647e0b3,OP11  Buggy Decklist,4,OP09-046
https://gumgum.gg/decklists/deck/west/op11/e5ce18c8-d725-4143-91a2-8e7d8647e0b3,OP11  Buggy Decklist,3,P-084
https://gumgum.gg/decklists/deck/west/op11/e5ce18c8-d725-4143-91a2-8e7d8647e0b3,OP11  Buggy Decklist,4,ST25-003
https://gumgum.gg/decklists/deck/west/op11/e5ce18c8-d725-4143-91a2-8e7d8647e0b3,OP11  Buggy Decklist,4,OP09-051
https://gumgum.gg/decklists/deck/west/op11/e5ce18c8-d725-4143-91a2-8e7d8647e0b3,OP11  Buggy Decklist,2,OP09-057
https://gumgum.gg/decklists/deck/west/op11/e5ce18c8-d725-4143-91a2-8e7d8647e0b3,OP11  Buggy Decklist,3,OP03-056
https://gumgum.gg/decklists/deck/west/op11/f7098317-6634-2692-3a57-36f045af3846,OP11  Buggy Decklist,1,OP09-042
https://gumgum.gg/decklists/deck/west/op11/f7098317-6634-2692-3a57-36f045af3846,OP11  Buggy Decklist,4,OP09-056
https://gumgum.gg/decklists/deck/west/op11/f7098317-6634-2692-3a57-36f045af3846,OP11  Buggy Decklist,3,OP09-054
https://gumgum.gg/decklists/deck/west/op11/f7098317-6634-2692-3a57-36f045af3846,OP11  Buggy Decklist,4,ST25-002
https://gumgum.gg/decklists/deck/west/op11/f7098317-6634-2692-3a57-36f045af3846,OP11  Buggy Decklist,4,ST25-004
https://gumgum.gg/decklists/deck/west/op11/f7098317-6634-2692-3a57-36f045af3846,OP11  Buggy Decklist,4,ST25-005
https://gumgum.gg/decklists/deck/west/op11/f7098317-6634-2692-3a57-36f045af3846,OP11  Buggy Decklist,2,P-081
https://gumgum.gg/decklists/deck/west/op11/f7098317-6634-2692-3a57-36f045af3846,OP11  Buggy Decklist,2,ST25-001
https://gumgum.gg/decklists/deck/west/op11/f7098317-6634-2692-3a57-36f045af3846,OP11  Buggy Decklist,3,OP09-045
https://gumgum.gg/decklists/deck/west/op11/f7098317-6634-2692-3a57-36f045af3846,OP11  Buggy Decklist,4,OP09-053
https://gumgum.gg/decklists/deck/west/op11/f7098317-6634-2692-3a57-36f045af3846,OP11  Buggy Decklist,4,OP09-048
https://gumgum.gg/decklists/deck/west/op11/f7098317-6634-2692-3a57-36f045af3846,OP11  Buggy Decklist,4,P-084
https://gumgum.gg/decklists/deck/west/op11/f7098317-6634-2692-3a57-36f045af3846,OP11  Buggy Decklist,4,ST25-003
https://gumgum.gg/decklists/deck/west/op11/f7098317-6634-2692-3a57-36f045af3846,OP11  Buggy Decklist,4,OP09-051
https://gumgum.gg/decklists/deck/west/op11/f7098317-6634-2692-3a57-36f045af3846,OP11  Buggy Decklist,4,OP09-057
https://gumgum.gg/decklists/deck/west/op11/c7c86788-4547-4dd4-b239-064372f3edcd,OP11  UP Monkey D. Luffy Decklist,1,OP11-040
https://gumgum.gg/decklists/deck/west/op11/c7c86788-4547-4dd4-b239-064372f3edcd,OP11  UP Monkey D. Luffy Decklist,2,P-053
https://gumgum.gg/decklists/deck/west/op11/c7c86788-4547-4dd4-b239-064372f3edcd,OP11  UP Monkey D. Luffy Decklist,4,ST18-001
https://gumgum.gg/decklists/deck/west/op11/c7c86788-4547-4dd4-b239-064372f3edcd,OP11  UP Monkey D. Luffy Decklist,4,OP05-067
https://gumgum.gg/decklists/deck/west/op11/c7c86788-4547-4dd4-b239-064372f3edcd,OP11  UP Monkey D. Luffy Decklist,4,EB01-061
https://gumgum.gg/decklists/deck/west/op11/c7c86788-4547-4dd4-b239-064372f3edcd,OP11  UP Monkey D. Luffy Decklist,2,OP06-047
https://gumgum.gg/decklists/deck/west/op11/c7c86788-4547-4dd4-b239-064372f3edcd,OP11  UP Monkey D. Luffy Decklist,4,OP11-054
https://gumgum.gg/decklists/deck/west/op11/c7c86788-4547-4dd4-b239-064372f3edcd,OP11  UP Monkey D. Luffy Decklist,4,OP07-064
https://gumgum.gg/decklists/deck/west/op11/c7c86788-4547-4dd4-b239-064372f3edcd,OP11  UP Monkey D. Luffy Decklist,3,OP11-067
https://gumgum.gg/decklists/deck/west/op11/c7c86788-4547-4dd4-b239-064372f3edcd,OP11  UP Monkey D. Luffy Decklist,1,OP11-118
https://gumgum.gg/decklists/deck/west/op11/c7c86788-4547-4dd4-b239-064372f3edcd,OP11  UP Monkey D. Luffy Decklist,4,OP06-119
https://gumgum.gg/decklists/deck/west/op11/c7c86788-4547-4dd4-b239-064372f3edcd,OP11  UP Monkey D. Luffy Decklist,4,OP08-069
https://gumgum.gg/decklists/deck/west/op11/c7c86788-4547-4dd4-b239-064372f3edcd,OP11  UP Monkey D. Luffy Decklist,2,OP09-119
https://gumgum.gg/decklists/deck/west/op11/c7c86788-4547-4dd4-b239-064372f3edcd,OP11  UP Monkey D. Luffy Decklist,4,OP09-078
https://gumgum.gg/decklists/deck/west/op11/c7c86788-4547-4dd4-b239-064372f3edcd,OP11  UP Monkey D. Luffy Decklist,4,OP11-080
https://gumgum.gg/decklists/deck/west/op11/c7c86788-4547-4dd4-b239-064372f3edcd,OP11  UP Monkey D. Luffy Decklist,3,OP10-079
https://gumgum.gg/decklists/deck/west/op11/c7c86788-4547-4dd4-b239-064372f3edcd,OP11  UP Monkey D. Luffy Decklist,1,OP04-056
https://gumgum.gg/decklists/deck/west/op11/f1c70db6-36b0-0b80-7a52-326c656a5fdc,OP11  Buggy Decklist,1,OP09-042
https://gumgum.gg/decklists/deck/west/op11/f1c70db6-36b0-0b80-7a52-326c656a5fdc,OP11  Buggy Decklist,4,OP09-056
https://gumgum.gg/decklists/deck/west/op11/f1c70db6-36b0-0b80-7a52-326c656a5fdc,OP11  Buggy Decklist,4,ST25-002
https://gumgum.gg/decklists/deck/west/op11/f1c70db6-36b0-0b80-7a52-326c656a5fdc,OP11  Buggy Decklist,2,ST25-004
https://gumgum.gg/decklists/deck/west/op11/f1c70db6-36b0-0b80-7a52-326c656a5fdc,OP11  Buggy Decklist,4,ST25-005
https://gumgum.gg/decklists/deck/west/op11/f1c70db6-36b0-0b80-7a52-326c656a5fdc,OP11  Buggy Decklist,4,ST25-001
https://gumgum.gg/decklists/deck/west/op11/f1c70db6-36b0-0b80-7a52-326c656a5fdc,OP11  Buggy Decklist,4,OP09-045
https://gumgum.gg/decklists/deck/west/op11/f1c70db6-36b0-0b80-7a52-326c656a5fdc,OP11  Buggy Decklist,2,OP09-043
https://gumgum.gg/decklists/deck/west/op11/f1c70db6-36b0-0b80-7a52-326c656a5fdc,OP11  Buggy Decklist,2,OP09-055
https://gumgum.gg/decklists/deck/west/op11/f1c70db6-36b0-0b80-7a52-326c656a5fdc,OP11  Buggy Decklist,4,OP09-048
https://gumgum.gg/decklists/deck/west/op11/f1c70db6-36b0-0b80-7a52-326c656a5fdc,OP11  Buggy Decklist,4,OP09-046
https://gumgum.gg/decklists/deck/west/op11/f1c70db6-36b0-0b80-7a52-326c656a5fdc,OP11  Buggy Decklist,4,P-084
https://gumgum.gg/decklists/deck/west/op11/f1c70db6-36b0-0b80-7a52-326c656a5fdc,OP11  Buggy Decklist,4,ST25-003
https://gumgum.gg/decklists/deck/west/op11/f1c70db6-36b0-0b80-7a52-326c656a5fdc,OP11  Buggy Decklist,4,OP09-051
https://gumgum.gg/decklists/deck/west/op11/f1c70db6-36b0-0b80-7a52-326c656a5fdc,OP11  Buggy Decklist,2,OP06-058
https://gumgum.gg/decklists/deck/west/op11/f1c70db6-36b0-0b80-7a52-326c656a5fdc,OP11  Buggy Decklist,2,OP09-060
https://gumgum.gg/decklists/deck/west/op11/a1b652f7-13eb-a564-2993-f55d85add976,OP11  UP Monkey D. Luffy Decklist,1,OP11-040
https://gumgum.gg/decklists/deck/west/op11/a1b652f7-13eb-a564-2993-f55d85add976,OP11  UP Monkey D. Luffy Decklist,2,OP07-066
https://gumgum.gg/decklists/deck/west/op11/a1b652f7-13eb-a564-2993-f55d85add976,OP11  UP Monkey D. Luffy Decklist,4,ST18-001
https://gumgum.gg/decklists/deck/west/op11/a1b652f7-13eb-a564-2993-f55d85add976,OP11  UP Monkey D. Luffy Decklist,4,OP05-067
https://gumgum.gg/decklists/deck/west/op11/a1b652f7-13eb-a564-2993-f55d85add976,OP11  UP Monkey D. Luffy Decklist,4,EB01-061
https://gumgum.gg/decklists/deck/west/op11/a1b652f7-13eb-a564-2993-f55d85add976,OP11  UP Monkey D. Luffy Decklist,4,OP11-054
https://gumgum.gg/decklists/deck/west/op11/a1b652f7-13eb-a564-2993-f55d85add976,OP11  UP Monkey D. Luffy Decklist,4,OP07-064
https://gumgum.gg/decklists/deck/west/op11/a1b652f7-13eb-a564-2993-f55d85add976,OP11  UP Monkey D. Luffy Decklist,4,OP11-067
https://gumgum.gg/decklists/deck/west/op11/a1b652f7-13eb-a564-2993-f55d85add976,OP11  UP Monkey D. Luffy Decklist,4,OP06-119
https://gumgum.gg/decklists/deck/west/op11/a1b652f7-13eb-a564-2993-f55d85add976,OP11  UP Monkey D. Luffy Decklist,4,OP08-069
https://gumgum.gg/decklists/deck/west/op11/a1b652f7-13eb-a564-2993-f55d85add976,OP11  UP Monkey D. Luffy Decklist,2,OP09-119
https://gumgum.gg/decklists/deck/west/op11/a1b652f7-13eb-a564-2993-f55d85add976,OP11  UP Monkey D. Luffy Decklist,4,OP09-078
https://gumgum.gg/decklists/deck/west/op11/a1b652f7-13eb-a564-2993-f55d85add976,OP11  UP Monkey D. Luffy Decklist,4,OP11-080
https://gumgum.gg/decklists/deck/west/op11/a1b652f7-13eb-a564-2993-f55d85add976,OP11  UP Monkey D. Luffy Decklist,3,OP08-076
https://gumgum.gg/decklists/deck/west/op11/a1b652f7-13eb-a564-2993-f55d85add976,OP11  UP Monkey D. Luffy Decklist,1,OP10-079
https://gumgum.gg/decklists/deck/west/op11/a1b652f7-13eb-a564-2993-f55d85add976,OP11  UP Monkey D. Luffy Decklist,1,OP04-056
https://gumgum.gg/decklists/deck/west/op11/a1b652f7-13eb-a564-2993-f55d85add976,OP11  UP Monkey D. Luffy Decklist,1,OP06-058
